ID,Prediction
300351813-1,NONE
300351813-2,NONE
300351813-3,NONE
300351813-4,NONE
300351813-5,公告日:平成30年2月2日入札公告
300351813-6,NONE
300351813-7,NONE
300351813-8,NONE
300351813-9,入札件名:七尾国家石油ガス備蓄基地高圧電力購入(平成30年度)
300351813-10,NONE
300351813-11,NONE
300351813-12,調達年度:平成30年 調達終了日:平成3１年3月3１日 調達開始日:平成30年4月１日
300351813-13,NONE
300351813-14,NONE
300351813-15,NONE
300351813-16,NONE
300351813-17,NONE
300351813-18,NONE
300351813-19,NONE
300351813-20,NONE
300351813-21,NONE
300351813-22,NONE
300351813-23,NONE
300351813-24,NONE
300351813-25,NONE
300351813-26,NONE
300351813-27,NONE
300351813-28,NONE
300351813-29,NONE
300351813-30,NONE
300351813-31,NONE
300351813-32,NONE
300351813-33,NONE
300351813-34,NONE
300351813-35,NONE
300351813-36,NONE
300351813-37,NONE
300351813-38,NONE
300351813-39,NONE
300351813-40,NONE
300351813-41,NONE
300351813-42,NONE
300351813-43,NONE
300351813-44,NONE
300351813-45,NONE
300351813-46,NONE
300351813-47,NONE
300351813-48,NONE
300351813-49,入札書送付先:（１）契約条項を示す場所及び問い合わせ先 資格申請送付先:（１）契約条項を示す場所及び問い合わせ先 質問箇所所属/担当者:（１）契約条項を示す場所及び問い合わせ先
300351813-50,入札書送付先:〒１０５－０００１ 資格申請送付先:〒１０５－０００１ 質問箇所所属/担当者:〒１０５－０００１
300351813-51,入札書送付先部署/担当者名:〒１０５－０００１ 資格申請送付先部署/担当者名:〒１０５－０００１ 質問箇所所属/担当者:〒１０５－０００１
300351813-52,入札書送付先:〒１０５－０００１ 入札書送付先部署/担当者名:〒１０５－０００１ 資格申請送付先:〒１０５－０００１ 資格申請送付先部署/担当者名:〒１０５－０００１ 質問箇所所属/担当者:〒１０５－０００１
300351813-53,資格申請送付先:〒１０５－０００１ 質問箇所TEL/FAX:〒１０５－０００１
300351813-54,入札書送付先:〒１０５－０００１ 資格申請送付先:〒１０５－０００１ 質問箇所所属/担当者:〒１０５－０００１
300351813-55,入札書送付先:〒１０５－０００１ 資格申請送付先:〒１０５－０００１ 質問箇所所属/担当者:〒１０５－０００１
300351813-56,入札書送付先:（１）契約条項を示す場所及び問い合わせ先 資格申請送付先:（１）契約条項を示す場所及び問い合わせ先 質問箇所所属/担当者:（１）契約条項を示す場所及び問い合わせ先 開札場所:〒926-0007石川県七尾市三室町１65部１番地（
300351813-57,入札書送付先:〒９２６－０００７石川県七尾市三室町１６５部１番地 入札書送付先部署/担当者名:〒９２６－０００７石川県七尾市三室町１６５部１番地 資格申請送付先:〒９２６－０００７石川県七尾市三室町１６５部１番地 資格申請送付先部署/担当者名:〒９２６－０００７石川県七尾市三室町１６５部１番地 質問箇所所属/担当者:〒９２６－０００７石川県七尾市三室町１６５部１番地 開札場所:９２６－７石川県七尾市三町１６５部１番地
300351813-58,入札書送付先:〒９２６－０００７石川県七尾市三室町１６５部１番地 入札書送付先部署/担当者名:〒９２６－０００７石川県七尾市三室町１６５部１番地 資格申請送付先:〒９２６－０００７石川県七尾市三室町１６５部１番地 資格申請送付先部署/担当者名:〒９２６－０００７石川県七尾市三室町１６５部１番地 質問箇所所属/担当者:〒９２６－０００７石川県七尾市三室町１６５部１番地 開札場所:〒９２６－０００７石川県七尾市三室町１６５部１番地
300351813-59,入札書送付先:〒９２６－０００７石川県七尾市三室町１６５部１番地 資格申請送付先:〒９２６－０００７石川県七尾市三室町１６５部１番地 質問箇所TEL/FAX:〒９２６－０００７石川県七尾市三室町１６５部１番地 質問箇所所属/担当者:〒９２６－０００７石川県七尾市三室町１６５部１番地 開札場所:９２６０００７石川県七尾市三室町１６５部１番地
300351813-60,入札書送付先:〒９２６－０００７石川県七尾市三室町１６５部１番地 資格申請送付先:〒９２６－０００７石川県七尾市三室町１６５部１番地 質問箇所所属/担当者:〒９２６－０００７石川県七尾市三室町１６５部１番地 開札場所:〒９２６－０００７石川県七尾市三室町１６５部１番地
300351813-61,入札書送付先:〒９２６－０００７石川県七尾市三室町１６５部１番地 資格申請送付先:〒９２６－０００７石川県七尾市三室町１６５部１番地 質問箇所所属/担当者:〒９２６－０００７石川県七尾市三室町１６５部１番地 開札場所:〒９２６－０００７石川県七尾市三室町１６５部１番地
300351813-62,NONE
300351813-63,NONE
300351813-64,NONE
300351813-65,仕様書交付期限:平成30年２月２0日（火）16時00分
300351813-66,入札書送付先:（２）入札説明書の交付期限と場所
300351813-67,NONE
300351813-68,NONE
300351813-69,NONE
300351813-70,NONE
300351813-71,質問票締切日時:平成３0年2月2３日（金）の16時00分
300351813-72,NONE
300351813-73,NONE
300351813-74,NONE
300351813-75,NONE
300351813-76,NONE
300351813-77,NONE
300351813-78,NONE
300351813-79,NONE
300351813-80,入札書締切日時:平成30年2月26日（月）16時00分 資格申請締切日時:平成30年2月26日（月）16時00分
300351813-81,NONE
300351813-82,NONE
300351813-83,NONE
300351813-84,NONE
300351813-85,NONE
300351813-86,NONE
300351813-87,NONE
300351813-88,NONE
300351813-89,NONE
300351813-90,入札書締切日時:平成30年3月9日（金）9時00分（札 開札日時:平成30年3月9日（金）9時00分（札
300351813-91,開札場所:前記（1）のイ2階会議室（６）入札書の提出及び開札の
300351813-92,NONE
300351813-93,NONE
300351813-94,NONE
300351813-95,NONE
300351813-96,NONE
300351813-97,NONE
300351813-98,入札書締切日時:平成30年3月8日（木
300351813-99,NONE
300351813-100,NONE
300351813-101,NONE
300351813-102,NONE
300351813-103,NONE
300351813-104,NONE
300351813-105,NONE
300351813-106,NONE
300351813-107,NONE
300351813-108,NONE
300351813-109,NONE
300351813-110,NONE
300351813-111,NONE
300351813-112,NONE
300351813-113,NONE
300351813-114,NONE
300351813-115,NONE
300351813-116,NONE
300364954-1,NONE
300364954-2,NONE
300364954-3,公告日:令和元年12月12日入札公告
300364954-4,NONE
300364954-5,NONE
300364954-6,NONE
300364954-7,NONE
300364954-8,NONE
300364954-9,入札件名:外部公開システムにおけるセキュリティ監視業務
300364954-10,NONE
300364954-11,調達年度:令和2年 調達終了日:令和5年3月3１日 調達開始日:令和2年4月１日
300364954-12,NONE
300364954-13,NONE
300364954-14,NONE
300364954-15,NONE
300364954-16,NONE
300364954-17,NONE
300364954-18,NONE
300364954-19,NONE
300364954-20,NONE
300364954-21,NONE
300364954-22,NONE
300364954-23,NONE
300364954-24,NONE
300364954-25,NONE
300364954-26,NONE
300364954-27,NONE
300364954-28,NONE
300364954-29,NONE
300364954-30,NONE
300364954-31,資格申請締切日時:令和２年1月２4日(金)16時
300364954-32,入札書締切日時:令和2年1月24日（金）16 資格申請締切日時:令和2年1月24日（）16
300364954-33,入札書締切日時:令和2年1月24日（金）16時 資格申請締切日時:令和2年1月24日（金）16時
300364954-34,入札書締切日時:令和2年1月24日（金）16時 資格申請締切日時:令和2年1月24日（金）16時
300364954-35,入札書締切日時:令和2年1月24日（金）16時 資格申請締切日時:令和2年1月24日（金）16時
300364954-36,資格申請締切日時:令和2年1月24日（金）16時
300364954-37,NONE
300364954-38,NONE
300364954-39,NONE
300364954-40,入札書送付先:（１）契約条項を示す場所及び問い合わせ先 資格申請送付先:（１）契約条項を示す場所及び問い合わせ先 質問箇所所属/担当者:（１）契約条項を示す場所及び問い合わせ先
300364954-41,入札書送付先:（１）契約条項を示す場所及び問い合わせ先 資格申請送付先:（１）契約条項を示す場所及び問い合わせ先 質問箇所所属/担当者:（１）契約条項を示す場所及び問い合わせ先
300364954-42,入札書送付先部署/担当者名:（１）契約条項を示す場所及び問い合わせ先 資格申請送付先部署/担当者名:（１）契約条項を示す場所及び問い合わせ先 質問箇所所属/担当者:（１）契約条項を示す場所及び問い合わせ先
300364954-43,入札書送付先部署/担当者名:（１）契約条項を示す場所及び問い合わせ先 資格申請送付先部署/担当者名:（１）契約条項を示す場所及び問い合わせ先 質問箇所所属/担当者:（１）契約条項を示す場所及び問い合わせ先
300364954-44,質問箇所TEL/FAX:（１）契約条項を示す場所及び問い合わせ先
300364954-45,NONE
300364954-46,NONE
300364954-47,NONE
300364954-48,NONE
300364954-49,NONE
300364954-50,資格申請送付先:（３）入札説明会の日時及び場所
300364954-51,仕様書交付期限:令和元年12月24日（火）16時
300364954-52,NONE
300364954-53,入札書締切日時:令和2年2月4日（火）11時00分（３開札 開札場所:の 開札日時:令和2年2月4日（火）11時00分（３開札
300364954-54,開札場所:上記３（1）の15AB会議室（３）入札書の提出及び開札の日時場所
300364954-55,NONE
300364954-56,NONE
300364954-57,NONE
300364954-58,NONE
300364954-59,NONE
300364954-60,NONE
300364954-61,NONE
300364954-62,NONE
300364954-63,NONE
300364954-64,NONE
300364954-65,NONE
300364954-66,NONE
300364954-67,NONE
300364954-68,NONE
300364954-69,NONE
300364954-70,NONE
300364954-71,NONE
300364954-72,NONE
300364954-73,NONE
300364954-74,NONE
300364954-75,NONE
300364954-76,NONE
300364954-77,NONE
300364954-78,NONE
300364954-79,NONE
300364954-80,NONE
300364954-81,NONE
300364954-82,NONE
300364954-83,NONE
300364954-84,NONE
300364954-85,NONE
300364954-86,NONE
300364954-87,NONE
300364954-88,NONE
300364954-89,NONE
300364954-90,NONE
300364954-91,NONE
300364954-92,NONE
300364954-93,NONE
300364954-94,NONE
300364954-95,NONE
300364954-96,NONE
300364954-97,NONE
300364954-98,NONE
300364954-99,NONE
300364954-100,NONE
300364954-101,NONE
300365026-1,NONE
300365026-2,NONE
300365026-3,公告日:令和元年12月11日入札公告
300365026-4,NONE
300365026-5,NONE
300365026-6,NONE
300365026-7,入札件名:MATLAB追加モジュールの購入について(電子入札対象案件)
300365026-8,NONE
300365026-9,調達終了日:令和2年１月3１日
300365026-10,都道府県:千葉県 需要場所(住所):千葉県千葉市美浜区浜田一丁目2番2号１
300365026-11,施設名:独立行政法人石油天然ガス・金属鉱物資源機構技術センター（４）納品場所 都道府県:千葉県 需要場所(住所):千葉県千葉市美浜区浜田一丁目2番2号
300365026-12,NONE
300365026-13,NONE
300365026-14,NONE
300365026-15,NONE
300365026-16,NONE
300365026-17,NONE
300365026-18,NONE
300365026-19,NONE
300365026-20,NONE
300365026-21,NONE
300365026-22,NONE
300365026-23,NONE
300365026-24,NONE
300365026-25,NONE
300365026-26,NONE
300365026-27,NONE
300365026-28,NONE
300365026-29,NONE
300365026-30,NONE
300365026-31,NONE
300365026-32,NONE
300365026-33,NONE
300365026-34,NONE
300365026-35,NONE
300365026-36,NONE
300365026-37,NONE
300365026-38,NONE
300365026-39,NONE
300365026-40,NONE
300365026-41,NONE
300365026-42,NONE
300365026-43,質問箇所所属/担当者:（１）契約条項を示す場所及び問合せ先
300365026-44,質問箇所所属/担当者:（１）契約条項を示す場所及び問合せ先
300365026-45,質問箇所所属/担当者:（１）契約条項を示す場所及び問合せ先
300365026-46,質問箇所所属/担当者:（１）契約条項を示す場所及び問合せ先
300365026-47,質問箇所所属/担当者:（１）契約条項を示す場所及び問合せ先
300365026-48,NONE
300365026-49,NONE
300365026-50,仕様書交付期限:令和元年1２月18日（水） 入札書締切日時:令和元年1２月18日
300365026-51,NONE
300365026-52,NONE
300365026-53,NONE
300365026-54,資格申請締切日時:令和元年12月23日（月）15時00分（４）一般競争入札参加
300365026-55,NONE
300365026-56,NONE
300365026-57,入札書締切日時:令和元年12月2５日（水）10時00分（
300365026-58,NONE
300365026-59,NONE
300365026-60,開札日時:令和元年12月25日（水）10時15分（６）開札の日時
300365026-61,開札場所:〒2６1-0025千葉県千葉市美浜区浜田一丁目2番2号（６）開札の日時及び場所
300365026-62,開札場所:独立行政法人石油天然ガス・金属鉱物資源機構技術センター（６）開札の日時及び場所
300365026-63,NONE
300365026-64,NONE
300365026-65,NONE
300365026-66,NONE
300365026-67,NONE
300365026-68,NONE
300365026-69,NONE
300365026-70,NONE
300365026-71,NONE
300365026-72,NONE
300365026-73,NONE
300365026-74,NONE
300365026-75,NONE
300365026-76,NONE
300365026-77,NONE
300365026-78,NONE
300365026-79,NONE
300365026-80,NONE
300365026-81,NONE
300365026-82,NONE
300365026-83,NONE
300365026-84,NONE
300365026-85,NONE
300365026-86,NONE
300365026-87,NONE
300365026-88,NONE
300365026-89,NONE
300365026-90,NONE
300365026-91,NONE
300365026-92,NONE
300365026-93,NONE
300365026-94,NONE
300365026-95,NONE
300365026-96,NONE
300365026-97,NONE
300365026-98,NONE
300365026-99,NONE
300365026-100,NONE
300365026-101,NONE
300365026-102,NONE
300365026-103,NONE
300365026-104,NONE
300365026-105,NONE
300365026-106,NONE
300365026-107,NONE
300365026-108,NONE
300365207-1,NONE
300365207-2,NONE
300365207-3,公告日:令和元年12月24日入札公告
300365207-4,NONE
300365207-5,NONE
300365207-6,NONE
300365207-7,NONE
300365207-8,入札件名:重形圧力校正器の購入
300365207-9,NONE
300365207-10,NONE
300365207-11,NONE
300365207-12,調達終了日:令和2年3月31日
300365207-13,需要場所(住所):〒261-00251.
300365207-14,都道府県:千葉県 需要場所(住所):千葉県千葉市美浜区浜田一丁目2番2号(4)納入場所〒261-0025
300365207-15,施設名:独立行政法人石油天然ガス・金属鉱物資源機構技術センター(4)納入場所 需要場所(住所):〒261-0025
300365207-16,NONE
300365207-17,NONE
300365207-18,NONE
300365207-19,NONE
300365207-20,NONE
300365207-21,NONE
300365207-22,NONE
300365207-23,NONE
300365207-24,NONE
300365207-25,NONE
300365207-26,NONE
300365207-27,NONE
300365207-28,NONE
300365207-29,NONE
300365207-30,NONE
300365207-31,NONE
300365207-32,NONE
300365207-33,NONE
300365207-34,NONE
300365207-35,NONE
300365207-36,NONE
300365207-37,NONE
300365207-38,NONE
300365207-39,NONE
300365207-40,入札書送付先:(1)契約条項を示す場所及び問い合わせ先 資格申請送付先:(1)契約条項を示す場所及び問い合わせ先 質問箇所所属/担当者:(1)契約条項を示す場所及び問い合わせ先
300365207-41,資格申請送付先:(1)契約条項を示す場所及び問い合わせ先 質問箇所所属/担当者:(1)契約条項を示す場所及び問い合わせ先
300365207-42,資格申請送付先部署/担当者名:(1)契約条項を示す場所及び問い合わせ先 質問箇所所属/担当者:(1)契約条項を示す場所及び問い合わせ先
300365207-43,資格申請送付先部署/担当者名:(1)契約条項を示す場所及び問い合わせ先 質問箇所所属/担当者:(1)契約条項を示す場所及び問い合わせ先
300365207-44,質問箇所TEL/FAX:(1)契約条項を示す場所及び問い合わせ先
300365207-45,質問箇所TEL/FAX:(1)契約条項を示す場所及び問い合わせ先
300365207-46,NONE
300365207-47,入札書締切日時:令和2年1月14日(火
300365207-48,入札書締切日時:17:00
300365207-49,NONE
300365207-50,NONE
300365207-51,資格申請締切日時:令和2年1月17日(金)15時00分(4)一般競争入札参加
300365207-52,NONE
300365207-53,NONE
300365207-54,NONE
300365207-55,入札書締切日時:令和2年1月21日(火)10時30分 開札日時:令和2年1月21日(火)10時30分4.入札及び開札の日時及び場所
300365207-56,開札場所:〒261-00254.入札及び開札の日時及び場所
300365207-57,開札場所:千葉県千葉市美浜区浜田一丁目2番2号4.入札及び開札の日時及び場所
300365207-58,開札場所:独立行政法人石油天然ガス・金属鉱物資源機構技術センター4.入札及び開札の日時及び場所
300365207-59,NONE
300365207-60,NONE
300365207-61,NONE
300365207-62,NONE
300365207-63,NONE
300365207-64,NONE
300365207-65,NONE
300365207-66,NONE
300365207-67,NONE
300365207-68,NONE
300365207-69,NONE
300365207-70,NONE
300365207-71,NONE
300365207-72,NONE
300365207-73,NONE
300365207-74,NONE
300365207-75,NONE
300365207-76,NONE
300365207-77,NONE
300365207-78,NONE
300365207-79,NONE
300365207-80,NONE
300365207-81,NONE
300365207-82,NONE
300365207-83,NONE
300365207-84,NONE
300365207-85,NONE
300365207-86,NONE
300365207-87,NONE
300365207-88,NONE
300365207-89,NONE
300365207-90,NONE
300365207-91,NONE
300365207-92,NONE
300365207-93,NONE
300365207-94,NONE
300365207-95,NONE
300365207-96,NONE
300365207-97,NONE
300365207-98,NONE
300365207-99,NONE
300365207-100,NONE
300365207-101,NONE
300365207-102,NONE
300365207-103,NONE
300365207-104,NONE
300365207-105,NONE
300365210-1,NONE
300365210-2,NONE
300365210-3,公告日:令和元年12月25日入札公告
300365210-4,NONE
300365210-5,NONE
300365210-6,NONE
300365210-7,入札件名:水圧破砕シミュレーション用ワークステーション１台の導入(新規リース)について
300365210-8,入札件名:対象案件水圧破砕シミュレーション用ワークステーション１台の導入(新規リース)について
300365210-9,NONE
300365210-10,調達年度:令和2年 調達開始日:令和2年3月１日
300365210-11,調達終了日:令和2年2月28日
300365210-12,施設名:独立行政法人石油天然ガス・金属鉱物資源機構１
300365210-13,施設名:場所独立行政法人石油天然ガス・金属鉱物資源機構 都道府県:千葉県 需要場所(住所):〒261-002５千葉県千葉市美浜区浜田一丁目2番2号（
300365210-14,NONE
300365210-15,NONE
300365210-16,NONE
300365210-17,NONE
300365210-18,NONE
300365210-19,NONE
300365210-20,NONE
300365210-21,NONE
300365210-22,NONE
300365210-23,NONE
300365210-24,NONE
300365210-25,NONE
300365210-26,NONE
300365210-27,NONE
300365210-28,NONE
300365210-29,NONE
300365210-30,NONE
300365210-31,NONE
300365210-32,NONE
300365210-33,NONE
300365210-34,NONE
300365210-35,NONE
300365210-36,NONE
300365210-37,NONE
300365210-38,NONE
300365210-39,NONE
300365210-40,NONE
300365210-41,NONE
300365210-42,NONE
300365210-43,NONE
300365210-44,NONE
300365210-45,NONE
300365210-46,NONE
300365210-47,NONE
300365210-48,NONE
300365210-49,質問箇所所属/担当者:（１）契約条項を示す場所及び問合せ先
300365210-50,質問箇所所属/担当者:（１）契約条項を示す場所及び問合せ先
300365210-51,質問箇所所属/担当者:（１）契約条項を示す場所及び問合せ先
300365210-52,質問箇所所属/担当者:（１）契約条項を示す場所及び問合せ先
300365210-53,質問箇所所属/担当者:（１）契約条項を示す場所及び問合せ先
300365210-54,NONE
300365210-55,NONE
300365210-56,仕様書交付期限:（水） 入札書締切日時:令和２年1月15日
300365210-57,NONE
300365210-58,資格申請締切日時:令和2年1月20日（月）15時00分（３）一般競争参加
300365210-59,NONE
300365210-60,NONE
300365210-61,NONE
300365210-62,NONE
300365210-63,入札書締切日時:令和2年1月22日（水）10時1５分
300365210-64,NONE
300365210-65,NONE
300365210-66,開札日時:令和2年1月22日（水）10時30分（６）開札の日時
300365210-67,開札場所:〒2６1-0025千葉県千葉市美浜区浜田一丁目2番2号（６）開札の日時及び場所
300365210-68,開札場所:独立行政法人石油天然ガス・金属鉱物資源機構技術センター（６）開札の日時及び場所
300365210-69,NONE
300365210-70,NONE
300365210-71,NONE
300365210-72,NONE
300365210-73,NONE
300365210-74,NONE
300365210-75,NONE
300365210-76,NONE
300365210-77,NONE
300365210-78,NONE
300365210-79,NONE
300365210-80,NONE
300365210-81,NONE
300365210-82,NONE
300365210-83,NONE
300365210-84,NONE
300365210-85,NONE
300365210-86,NONE
300365210-87,NONE
300365210-88,NONE
300365210-89,NONE
300365210-90,NONE
300365210-91,NONE
300365210-92,NONE
300365210-93,NONE
300365210-94,NONE
300365210-95,NONE
300365210-96,NONE
300365210-97,NONE
300365210-98,NONE
300365210-99,NONE
300365210-100,NONE
300365210-101,NONE
300365210-102,NONE
300365210-103,NONE
300365210-104,NONE
300365210-105,NONE
300365210-106,NONE
300365210-107,NONE
300365210-108,NONE
300365210-109,NONE
300365210-110,NONE
300365210-111,NONE
300365210-112,NONE
300365210-113,NONE
300365210-114,NONE
300365210-115,NONE
300365210-116,NONE
300365210-117,NONE
300365210-118,NONE
300365251-1,NONE
300365251-2,NONE
300365251-3,公告日:令和元年12月25日入札公告
300365251-4,NONE
300365251-5,NONE
300365251-6,NONE
300365251-7,NONE
300365251-8,NONE
300365251-9,入札件名:金属資源技術研究所で使用する電気の調達(令和2年度)(
300365251-10,NONE
300365251-11,NONE
300365251-12,NONE
300365251-13,NONE
300365251-14,NONE
300365251-15,調達年度:令和2年 調達開始日:令和2年4月1日00:
300365251-16,調達終了日:令和３年３月３1日
300365251-17,NONE
300365251-18,都道府県:秋田県鹿角郡小坂町 需要場所(住所):秋田県鹿角郡小坂町(４)需要場所
300365251-19,施設名:独立行政法人石油天然ガス・金属鉱物資源機構(４)需要場所
300365251-20,施設名:金属資源技術研究所(４)需要場所
300365251-21,NONE
300365251-22,NONE
300365251-23,NONE
300365251-24,NONE
300365251-25,NONE
300365251-26,NONE
300365251-27,NONE
300365251-28,NONE
300365251-29,NONE
300365251-30,NONE
300365251-31,NONE
300365251-32,NONE
300365251-33,NONE
300365251-34,NONE
300365251-35,NONE
300365251-36,NONE
300365251-37,NONE
300365251-38,NONE
300365251-39,NONE
300365251-40,NONE
300365251-41,NONE
300365251-42,NONE
300365251-43,NONE
300365251-44,NONE
300365251-45,NONE
300365251-46,NONE
300365251-47,NONE
300365251-48,NONE
300365251-49,NONE
300365251-50,NONE
300365251-51,NONE
300365251-52,NONE
300365251-53,NONE
300365251-54,NONE
300365251-55,NONE
300365251-56,NONE
300365251-57,NONE
300365251-58,NONE
300365251-59,NONE
300365251-60,NONE
300365251-61,NONE
300365251-62,NONE
300365251-63,NONE
300365251-64,NONE
300365251-65,NONE
300365251-66,資格申請締切日時:令和2年１月22日(水)１2時00分
300365251-67,NONE
300365251-68,NONE
300365251-69,NONE
300365251-71,NONE
300365251-72,NONE
300365251-73,NONE
300365251-74,NONE
300365251-75,NONE
300365251-76,NONE
300365251-77,NONE
300365251-78,NONE
300365251-79,NONE
300365251-80,NONE
300365251-81,NONE
300365251-82,NONE
300365251-83,NONE
300365251-84,NONE
300365251-85,NONE
300365251-86,入札書送付先:(１)本部（東京）
300365251-87,入札書送付先:(１)本部（東京） 資格申請送付先:(１)本部（東京）
300365251-88,入札書送付先部署/担当者名:(１)本部（東京） 資格申請送付先部署/担当者名:(１)本部（東京） 質問箇所所属/担当者:(１)本部（東京）
300365251-89,入札書送付先部署/担当者名:(１)本部（東京） 資格申請送付先部署/担当者名:(１)本部（東京） 質問箇所所属/担当者:(１)本部（東京）
300365251-90,質問箇所TEL/FAX:(１)本部（東京）
300365251-91,NONE
300365251-92,入札書送付先:(２)金属資源技術研究所（小坂） 入札書送付先部署/担当者名:(２)金属資源技術研究所（小坂）
300365251-93,入札書送付先部署/担当者名:(２)金属資源技術研究所（小坂） 質問箇所所属/担当者:(２)金属資源技術研究所（小坂）
300365251-94,入札書送付先部署/担当者名:(２)金属資源技術研究所（小坂） 質問箇所所属/担当者:(２)金属資源技術研究所（小坂）
300365251-95,入札書送付先部署/担当者名:(２)金属資源技術研究所（小坂） 質問箇所TEL/FAX:(２)金属資源技術研究所（小坂）
300365251-96,NONE
300365251-97,NONE
300365251-98,仕様書交付期限:令和2年１月22日（水）１2時00分
300365251-99,NONE
300365251-100,NONE
300365251-101,NONE
300365251-102,NONE
300365251-103,NONE
300365251-104,NONE
300365251-105,開札日時:日時令和2年１月24日（金）１１時00分（１）入札・開札の日時及び場所
300365251-107,開札場所:場所〒１05-000１東京都港区虎ノ門二丁目１0番１号（１）入札・開札の日時及び場所
300365251-108,開札場所:虎ノ門ツインビルディング西棟１3階（１）入札・開札の日時及び場所
300365251-109,開札場所:独立行政法人石油天然ガス・金属鉱物資源機構１3G会議室（１）入札・開札の日時及び場所
300365251-110,NONE
300365251-111,NONE
300365251-112,NONE
300365251-113,NONE
300365251-114,NONE
300365251-115,NONE
300365251-116,NONE
300365251-117,NONE
300365251-118,NONE
300365251-119,NONE
300365251-120,NONE
300365251-121,NONE
300365251-122,NONE
300365251-123,NONE
300365251-124,NONE
300365251-125,NONE
300365251-126,NONE
300365251-127,NONE
300365251-128,NONE
300365251-129,NONE
300365251-130,NONE
300365251-131,NONE
300365251-132,NONE
300365251-133,NONE
300365251-134,NONE
300365251-135,NONE
300365251-136,NONE
300365251-137,NONE
300365251-138,NONE
300365251-139,NONE
300365251-141,NONE
300365251-142,NONE
300365251-143,NONE
300365251-144,NONE
300365251-145,NONE
300365251-146,NONE
300365251-147,NONE
300365251-148,NONE
300365251-149,NONE
300365251-150,NONE
300365251-151,NONE
300365251-152,NONE
300365251-153,NONE
300365251-154,NONE
300365251-155,NONE
300365251-156,NONE
300365251-157,NONE
300365251-158,NONE
300365251-159,NONE
300365251-160,NONE
300365251-161,NONE
300365251-162,NONE
300365251-163,NONE
300365251-164,NONE
300365251-165,NONE
300365251-166,NONE
300365251-167,NONE
300365251-168,NONE
300365251-169,NONE
300365251-170,NONE
300365251-171,NONE
300365251-172,NONE
300365251-173,NONE
300365251-174,NONE
300365251-175,NONE
300365251-176,NONE
300365251-177,NONE
300365251-178,NONE
300365251-179,NONE
300365251-180,NONE
300365251-181,NONE
300365251-182,NONE
300365551-1,NONE
300365551-2,NONE
300365551-3,公告日:令和2年1月15日入札公告
300365551-4,NONE
300365551-5,NONE
300365551-6,NONE
300365551-7,NONE
300365551-8,NONE
300365551-9,入札件名:2020年度技術センター電力購入（１）等
300365551-10,NONE
300365551-11,NONE
300365551-12,都道府県:千葉県 需要場所(住所):千葉県千葉市美浜区浜田一丁目２番２号（２）需要場所
300365551-13,施設名:独立行政法人石油天然ガス・金属鉱物資源機構石油天然ガス開発技術本部（２）需要場所
300365551-14,NONE
300365551-15,NONE
300365551-16,NONE
300365551-17,調達年度:2020年 調達終了日:2021年3月31日（ 調達開始日:2020年４月1日
300365551-18,NONE
300365551-19,NONE
300365551-20,NONE
300365551-21,NONE
300365551-22,NONE
300365551-23,NONE
300365551-24,NONE
300365551-25,NONE
300365551-26,NONE
300365551-27,NONE
300365551-28,NONE
300365551-29,NONE
300365551-30,NONE
300365551-31,NONE
300365551-32,NONE
300365551-33,NONE
300365551-34,NONE
300365551-35,NONE
300365551-36,NONE
300365551-37,NONE
300365551-38,NONE
300365551-39,NONE
300365551-40,NONE
300365551-41,NONE
300365551-42,NONE
300365551-43,NONE
300365551-44,NONE
300365551-45,NONE
300365551-46,NONE
300365551-47,NONE
300365551-48,NONE
300365551-49,NONE
300365551-50,NONE
300365551-51,NONE
300365551-52,入札書送付先:(１)契約条項を示す場所及び問い合わせ先 資格申請送付先:(１)契約条項を示す場所及び問い合わせ先 質問箇所所属/担当者:(１)契約条項を示す場所及び問い合わせ先
300365551-53,資格申請送付先部署/担当者名:(１)契約条項を示す場所及び問い合わせ先 質問箇所所属/担当者:(１)契約条項を示す場所及び問い合わせ先
300365551-54,資格申請送付先部署/担当者名:(１)契約条項を示す場所及び問い合わせ先 質問箇所所属/担当者:(１)契約条項を示す場所及び問い合わせ先
300365551-55,質問箇所TEL/FAX:(１)契約条項を示す場所及び問い合わせ先
300365551-56,NONE
300365551-57,NONE
300365551-58,NONE
300365551-60,NONE
300365551-61,資格申請締切日時:令和2年３月2日(月)15時00分(３)一般競争入札参加
300365551-62,NONE
300365551-63,NONE
300365551-64,NONE
300365551-65,入札書締切日時:令和2年3月9日(月)10時30分４入札及び開札 開札日時:令和2年3月9日(月)10時30分４入札及び開札の日時場所
300365551-66,開札場所:〒261-0025千葉県千葉市美浜区浜田一丁目2番2号４入札及び開札の日時及び場所
300365551-67,開札場所:独立行政法人石油天然ガス・金属鉱物資源機構技術センター４入札及び開札の日時及び場所
300365551-68,NONE
300365551-69,NONE
300365551-70,NONE
300365551-71,NONE
300365551-72,NONE
300365551-73,NONE
300365551-74,NONE
300365551-75,NONE
300365551-76,NONE
300365551-77,NONE
300365551-78,NONE
300365551-79,NONE
300365551-80,NONE
300365551-81,NONE
300365551-82,NONE
300365551-83,NONE
300365551-84,NONE
300365551-85,NONE
300365551-86,NONE
300365551-87,NONE
300365551-88,NONE
300365551-89,NONE
300365551-90,NONE
300365551-91,NONE
300365551-92,NONE
300365551-93,NONE
300365551-94,NONE
300365551-95,NONE
300365551-96,NONE
300365551-97,NONE
300365551-98,NONE
300365551-99,NONE
300365551-100,NONE
300365551-101,NONE
300365551-102,NONE
300365551-103,NONE
300365551-104,NONE
300365551-105,NONE
300365551-106,NONE
300365551-107,NONE
300365551-108,NONE
300365551-109,NONE
300365551-110,NONE
300365551-111,NONE
300365551-112,NONE
300365551-113,NONE
300365551-114,NONE
300365551-115,NONE
300365551-116,NONE
300365551-117,NONE
300365551-118,NONE
300365551-119,NONE
300365615-1,NONE
300365615-2,NONE
300365615-3,公告日:令和2年1月21日入札公告
300365615-4,NONE
300365615-5,NONE
300365615-6,NONE
300365615-7,NONE
300365615-8,入札件名:秋田国家石油備蓄基地特別高圧電力購入（令和2年度）
300365615-9,NONE
300365615-10,NONE
300365615-11,調達年度:令和2年 調達終了日:令和3年3月3１日 調達開始日:令和2年4月１日
300365615-12,都道府県:秋田県 需要場所(住所):秋田県男鹿市船川港船川字芦沢2１9番１
300365615-13,施設名:秋田国家石油備蓄基地（４）需要場所 都道府県:秋田県 需要場所(住所):秋田県男鹿市船川港船川字芦沢２１９番
300365615-14,NONE
300365615-15,NONE
300365615-16,NONE
300365615-17,NONE
300365615-18,NONE
300365615-19,NONE
300365615-20,NONE
300365615-21,NONE
300365615-22,NONE
300365615-23,NONE
300365615-24,NONE
300365615-25,NONE
300365615-26,NONE
300365615-27,NONE
300365615-28,NONE
300365615-29,NONE
300365615-30,NONE
300365615-31,NONE
300365615-32,NONE
300365615-33,NONE
300365615-34,NONE
300365615-35,NONE
300365615-36,NONE
300365615-37,NONE
300365615-38,NONE
300365615-39,NONE
300365615-40,NONE
300365615-41,NONE
300365615-42,NONE
300365615-43,NONE
300365615-44,NONE
300365615-45,NONE
300365615-46,NONE
300365615-47,NONE
300365615-48,NONE
300365615-49,NONE
300365615-50,NONE
300365615-51,NONE
300365615-52,NONE
300365615-53,NONE
300365615-54,NONE
300365615-55,NONE
300365615-56,質問箇所所属/担当者:（１）一般競争入札参加申請書の提出場所及び問い合わせ先
300365615-57,質問箇所所属/担当者:（１）一般競争入札参加申請書の提出場所及び問い合わせ先
300365615-58,質問箇所所属/担当者:（１）一般競争入札参加申請書の提出場所及び問い合わせ先
300365615-59,質問箇所TEL/FAX:（１）一般競争入札参加申請書の提出場所及び問い合わせ先 質問箇所所属/担当者:（１）一般競争入札参加申請書の提出場所及び問い合わせ先
300365615-60,質問箇所TEL/FAX:（１）一般競争入札参加申請書の提出場所及び問い合わせ先 質問箇所所属/担当者:（１）一般競争入札参加申請書の提出場所及び問い合わせ先
300365615-61,質問箇所所属/担当者:（１）一般競争入札参加申請書の提出場所及び問い合わせ先
300365615-62,NONE
300365615-63,NONE
300365615-64,NONE
300365615-65,NONE
300365615-66,NONE
300365615-67,資格申請締切日時:令和2年2月10日（月）12時一般競争入札参加
300365615-68,仕様書交付期限:令和2年2月12日(水)３
300365615-69,NONE
300365615-70,開札日時:令和2年2月1４日(金)15時50分４入札日時、場所
300365615-71,開札場所:東京都港区虎ノ門二丁目10番1号虎ノ門ツインビルディング４入札日時、場所 開札日時:時
300365615-72,開札場所:独立行政法人石油天然ガス・金属鉱物資源機構１9階会議室（２）入札場所東京都港区虎ノ門二丁目１０番１号虎ノ門ツインビルディング
300365615-73,開札日時:入札日時、場所
300365615-74,NONE
300365615-75,NONE
300365615-76,NONE
300365615-77,NONE
300365615-78,NONE
300365615-79,NONE
300365615-80,NONE
300365615-81,NONE
300365615-82,NONE
300365615-83,NONE
300365615-84,NONE
300365615-85,NONE
300365615-86,NONE
300365615-87,NONE
300365615-88,NONE
300365615-89,NONE
300365615-90,NONE
300365615-91,NONE
300365615-92,NONE
300365615-93,NONE
300365615-94,NONE
300365615-95,NONE
300365615-96,NONE
300365615-97,NONE
300365615-98,NONE
300365615-99,NONE
300365615-100,NONE
300365615-101,NONE
300365615-102,NONE
300365615-103,NONE
300365615-104,NONE
300365615-105,NONE
300365615-106,NONE
300365615-107,NONE
300365615-108,NONE
300365615-109,NONE
300365615-110,NONE
300365615-111,NONE
300365615-112,NONE
300365615-113,NONE
300365615-114,NONE
300365615-115,NONE
300365615-116,NONE
300365615-117,NONE
300365615-118,NONE
300365615-119,NONE
300365615-120,NONE
300365615-121,NONE
300365615-122,NONE
300365615-123,NONE
300365615-124,NONE
300365615-125,NONE
300365615-126,NONE
300365615-127,NONE
300365615-128,NONE
300365620-1,NONE
300365620-2,NONE
300365620-3,公告日:令和2年1月21日入札公告
300365620-4,NONE
300365620-5,NONE
300365620-6,NONE
300365620-7,NONE
300365620-8,入札件名:上五島国家石油備蓄基地高圧電力購入（令和2年度）
300365620-9,NONE
300365620-10,NONE
300365620-11,NONE
300365620-12,調達年度:令和2年 調達終了日:令和3年3月3１日 調達開始日:令和2年4月１日
300365620-13,都道府県:長崎県 需要場所(住所):長崎県南松浦郡新上五島町続浜ノ浦郷字折島8１8番4１１１
300365620-14,施設名:上五島国家石油備蓄基地（４）需要場所浦浜浦 都道府県:長崎県 需要場所(住所):長崎県南松浦郡新上五島町続浜ノ浦郷字折島８１８番４１１
300365620-15,NONE
300365620-16,NONE
300365620-17,NONE
300365620-18,NONE
300365620-19,NONE
300365620-20,NONE
300365620-21,NONE
300365620-22,NONE
300365620-23,NONE
300365620-24,NONE
300365620-25,NONE
300365620-26,NONE
300365620-27,NONE
300365620-28,NONE
300365620-29,NONE
300365620-30,NONE
300365620-31,NONE
300365620-32,NONE
300365620-33,NONE
300365620-34,NONE
300365620-35,NONE
300365620-36,NONE
300365620-37,NONE
300365620-38,NONE
300365620-39,NONE
300365620-40,NONE
300365620-41,NONE
300365620-42,NONE
300365620-43,NONE
300365620-44,NONE
300365620-45,NONE
300365620-46,NONE
300365620-47,NONE
300365620-48,NONE
300365620-49,NONE
300365620-50,NONE
300365620-51,NONE
300365620-52,NONE
300365620-53,NONE
300365620-54,NONE
300365620-55,NONE
300365620-56,質問箇所所属/担当者:（１）一般競争入札参加申請書の提出場所及び問い合わせ先
300365620-57,質問箇所所属/担当者:（１）一般競争入札参加申請書の提出場所及び問い合わせ先
300365620-58,質問箇所所属/担当者:（１）一般競争入札参加申請書の提出場所及び問い合わせ先
300365620-59,質問箇所TEL/FAX:（１）一般競争入札参加申請書の提出場所及び問い合わせ先 質問箇所所属/担当者:（１）一般競争入札参加申請書の提出場所及び問い合わせ先
300365620-60,質問箇所TEL/FAX:（１）一般競争入札参加申請書の提出場所及び問い合わせ先 質問箇所所属/担当者:（１）一般競争入札参加申請書の提出場所及び問い合わせ先
300365620-61,質問箇所所属/担当者:（１）一般競争入札参加申請書の提出場所及び問い合わせ先
300365620-62,NONE
300365620-63,NONE
300365620-64,NONE
300365620-65,NONE
300365620-66,資格申請締切日時:令和2年2月10日（月）12時一般競争入札参加
300365620-67,仕様書交付期限:令和2年2月12日(水)３
300365620-68,NONE
300365620-69,開札日時:令和2年2月1４日(金)13時50分４入札日時、場所
300365620-70,開札場所:東京都港区虎ノ門二丁目10番1号虎ノ門ツインビルディング４入札日時、場所 開札日時:時
300365620-71,開札場所:独立行政法人石油天然ガス・金属鉱物資源機構１9階会議室（２）入札場所東京都港区虎ノ門二丁目１０番１号虎ノ門ツインビルディング
300365620-72,NONE
300365620-73,NONE
300365620-74,NONE
300365620-75,NONE
300365620-76,NONE
300365620-77,NONE
300365620-78,NONE
300365620-79,NONE
300365620-80,NONE
300365620-81,NONE
300365620-82,NONE
300365620-83,NONE
300365620-84,NONE
300365620-85,NONE
300365620-86,NONE
300365620-87,NONE
300365620-88,NONE
300365620-89,NONE
300365620-90,NONE
300365620-91,NONE
300365620-92,NONE
300365620-93,NONE
300365620-94,NONE
300365620-95,NONE
300365620-96,NONE
300365620-97,NONE
300365620-98,NONE
300365620-99,NONE
300365620-100,NONE
300365620-101,NONE
300365620-102,NONE
300365620-103,NONE
300365620-104,NONE
300365620-105,NONE
300365620-106,NONE
300365620-107,NONE
300365620-108,NONE
300365620-109,NONE
300365620-110,NONE
300365620-111,NONE
300365620-112,NONE
300365620-113,NONE
300365620-114,NONE
300365620-115,NONE
300365620-116,NONE
300365620-117,NONE
300365620-118,NONE
300365620-119,NONE
300365620-120,NONE
300365620-121,NONE
300365620-122,NONE
300365620-123,NONE
300365620-124,NONE
300365620-125,NONE
300365698-1,NONE
300365698-2,NONE
300365698-3,公告日:令和2年1月28日入札公告
300365698-4,NONE
300365698-5,NONE
300365698-6,NONE
300365698-7,NONE
300365698-8,入札件名:ESRI社製ArcGISソフトウェア保守ライセンスの購入について
300365698-9,入札件名:入札対応案件ESRI社製ArcGISソフトウェア保守ライセンスの購入について
300365698-10,NONE
300365698-11,NONE
300365698-12,調達終了日:令和2年4月１日(水
300365698-13,都道府県:東京都 需要場所(住所):東京都港区虎ノ門二丁目１0番１号１
300365698-14,施設名:独立行政法人石油天然ガス・金属鉱物資源機構（４）納入場所 都道府県:東京都 需要場所(住所):東京都港区虎ノ門二丁目１０番１号
300365698-15,NONE
300365698-16,NONE
300365698-17,NONE
300365698-18,NONE
300365698-19,NONE
300365698-20,NONE
300365698-21,NONE
300365698-22,NONE
300365698-23,NONE
300365698-24,NONE
300365698-25,NONE
300365698-26,NONE
300365698-27,NONE
300365698-28,NONE
300365698-29,NONE
300365698-30,NONE
300365698-31,NONE
300365698-32,NONE
300365698-33,NONE
300365698-34,NONE
300365698-35,NONE
300365698-36,NONE
300365698-37,入札書締切日時:令和2年2月13日（木）日15時 資格申請締切日時:令和2年2月13日（木）日15時
300365698-38,NONE
300365698-39,NONE
300365698-40,NONE
300365698-41,NONE
300365698-42,NONE
300365698-43,NONE
300365698-44,NONE
300365698-45,NONE
300365698-46,NONE
300365698-47,NONE
300365698-48,NONE
300365698-49,NONE
300365698-50,NONE
300365698-51,資格申請締切日時:令和2年2月1３日(木)15時00分３一般競争
300365698-52,NONE
300365698-53,NONE
300365698-54,NONE
300365698-55,NONE
300365698-56,NONE
300365698-57,入札書送付先:（１）契約条項を示す場所及び問い合わせ先 資格申請送付先:（１）契約条項を示す場所及び問い合わせ先 質問箇所所属/担当者:（１）契約条項を示す場所及び問い合わせ先
300365698-58,資格申請送付先部署/担当者名:（１）契約条項を示す場所及び問い合わせ先 質問箇所所属/担当者:（１）契約条項を示す場所及び問い合わせ先
300365698-59,入札書送付先部署/担当者名:（１）契約条項を示す場所及び問い合わせ先 資格申請送付先部署/担当者名:（１）契約条項を示す場所及び問い合わせ先 質問箇所所属/担当者:（１）契約条項を示す場所及び問い合わせ先
300365698-60,NONE
300365698-61,質問箇所TEL/FAX:（１）契約条項を示す場所及び問い合わせ先
300365698-62,NONE
300365698-63,NONE
300365698-64,入札書締切日時:令和２年２月7日（金）17
300365698-66,NONE
300365698-67,NONE
300365698-68,NONE
300365698-69,入札書締切日時:令和2年2月18日（火）10時15分（
300365698-70,NONE
300365698-71,NONE
300365698-72,開札日時:令和2年2月18日（火）10時30分（５）開札の日時
300365698-73,開札場所:〒261-002５千葉県千葉市美浜区浜田一丁目2番2号（５）開札の日時及び場所
300365698-74,開札場所:独立行政法人石油天然ガス・金属鉱物資源機構技術センター（５）開札の日時及び場所
300365698-75,NONE
300365698-76,NONE
300365698-77,NONE
300365698-78,NONE
300365698-79,NONE
300365698-80,NONE
300365698-81,NONE
300365698-82,NONE
300365698-83,NONE
300365698-84,NONE
300365698-85,NONE
300365698-86,NONE
300365698-87,NONE
300365698-88,NONE
300365698-89,NONE
300365698-90,NONE
300365698-91,NONE
300365698-92,NONE
300365698-93,NONE
300365698-95,NONE
300365698-96,NONE
300365698-97,NONE
300365698-98,NONE
300365698-99,NONE
300365698-100,NONE
300365698-101,NONE
300365698-102,NONE
300365698-103,NONE
300365698-104,NONE
300365698-105,NONE
300365698-106,NONE
300365698-107,NONE
300365698-108,NONE
300365698-109,NONE
300365698-110,NONE
300365698-111,NONE
300365698-112,NONE
300365698-113,NONE
300365698-114,NONE
300365698-115,NONE
300365698-116,NONE
300365698-117,NONE
300365698-118,NONE
300365698-119,NONE
300365698-120,NONE
300365698-121,NONE
300365698-122,NONE
300365698-123,NONE
300365698-124,NONE
300365698-125,NONE
300365698-126,NONE
300365698-127,NONE
300365698-128,NONE
300365698-129,NONE
300365698-130,NONE
300365698-131,NONE
300365698-132,NONE
300365698-133,NONE
300365700-1,NONE
300365700-2,NONE
300365700-3,公告日:令和2年1月28日入札公告
300365700-4,NONE
300365700-5,NONE
300365700-6,NONE
300365700-7,NONE
300365700-8,入札件名:2020年度技術センターガス購入
300365700-9,NONE
300365700-10,NONE
300365700-11,NONE
300365700-12,調達年度:2020年 調達終了日:202１年3月3１日 調達開始日:2020年4月１日
300365700-13,NONE
300365700-14,NONE
300365700-15,NONE
300365700-16,NONE
300365700-17,NONE
300365700-18,NONE
300365700-19,NONE
300365700-20,NONE
300365700-21,NONE
300365700-22,NONE
300365700-23,NONE
300365700-24,NONE
300365700-25,NONE
300365700-26,NONE
300365700-27,NONE
300365700-28,NONE
300365700-29,NONE
300365700-30,NONE
300365700-31,NONE
300365700-32,NONE
300365700-33,NONE
300365700-34,NONE
300365700-35,NONE
300365700-36,NONE
300365700-37,NONE
300365700-38,NONE
300365700-39,NONE
300365700-40,NONE
300365700-41,NONE
300365700-42,入札書送付先:（１）契約条項を示す場所及び問い合わせ先 資格申請送付先:（１）契約条項を示す場所及び問い合わせ先 質問箇所所属/担当者:（１）契約条項を示す場所及び問い合わせ先
300365700-43,資格申請送付先部署/担当者名:（１）契約条項を示す場所及び問い合わせ先 質問箇所所属/担当者:（１）契約条項を示す場所及び問い合わせ先
300365700-44,資格申請送付先部署/担当者名:（１）契約条項を示す場所及び問い合わせ先 質問箇所所属/担当者:（１）契約条項を示す場所及び問い合わせ先
300365700-45,質問箇所TEL/FAX:（１）契約条項を示す場所及び問い合わせ先
300365700-46,NONE
300365700-47,NONE
300365700-49,入札書締切日時:17:30
300365700-50,NONE
300365700-51,NONE
300365700-52,資格申請締切日時:令和2年2月25日（火）15時00分（４）一般競争入札参加
300365700-53,NONE
300365700-54,NONE
300365700-55,NONE
300365700-56,入札書締切日時:令和2年2月27日（木）10時30分（開札 開札場所:開 開札日時:令和2年2月27日（木）10時30分（札
300365700-57,入札書送付先:（５）入札書の提出及び開札の日時及び場所 開札場所:〒261-002５千葉県千葉市美浜区浜田一丁目2番2号（入札開札の日時場所
300365700-58,入札書送付先部署/担当者名:（５）入札書の提出及び開札の日時及び場所 開札場所:独立行政法人石油天然ガス・金属鉱物資源機構石油天然ガス開発技術本部（５）入札書及び開札の日時及び場所
300365700-59,NONE
300365700-60,NONE
300365700-61,NONE
300365700-62,NONE
300365700-63,NONE
300365700-64,NONE
300365700-65,NONE
300365700-66,NONE
300365700-67,NONE
300365700-68,NONE
300365700-69,NONE
300365700-70,NONE
300365700-71,NONE
300365700-72,NONE
300365700-73,NONE
300365700-74,NONE
300365700-75,NONE
300365700-76,NONE
300365700-77,NONE
300365700-78,NONE
300365700-79,NONE
300365700-80,NONE
300365700-81,NONE
300365700-82,NONE
300365700-83,NONE
300365700-84,NONE
300365700-85,NONE
300365700-86,NONE
300365700-87,NONE
300365700-88,NONE
300365700-89,NONE
300365700-90,NONE
300365700-91,NONE
300365700-92,NONE
300365700-93,NONE
300365700-94,NONE
300365700-95,NONE
300365700-96,NONE
300365700-97,NONE
300365700-98,NONE
300365700-99,NONE
300365700-100,NONE
300365700-101,NONE
300365700-102,NONE
300365700-103,NONE
300365805-1,NONE
300365805-2,NONE
300365805-3,公告日:令和2年2月3日入札公告
300365805-4,NONE
300365805-5,NONE
300365805-6,NONE
300365805-7,NONE
300365805-8,入札件名:令和2年度事務用品等消耗品購入に係る単価契約（１
300365805-9,NONE
300365805-10,NONE
300365805-11,NONE
300365805-12,NONE
300365805-13,NONE
300365805-14,調達年度:令和2年 調達終了日:令和３年３月３1日 調達開始日:令和2年4月1日
300365805-15,NONE
300365805-16,NONE
300365805-17,NONE
300365805-18,NONE
300365805-19,NONE
300365805-20,NONE
300365805-21,NONE
300365805-22,NONE
300365805-23,NONE
300365805-24,NONE
300365805-25,NONE
300365805-26,NONE
300365805-27,NONE
300365805-28,NONE
300365805-29,NONE
300365805-30,NONE
300365805-31,NONE
300365805-32,NONE
300365805-33,NONE
300365805-34,NONE
300365805-35,NONE
300365805-36,NONE
300365805-37,入札書送付先:（１）契約条項を示す場所及び問い合わせ先 資格申請送付先:（１）契約条項を示す場所及び問い合わせ先 質問箇所所属/担当者:（１）契約条項を示す場所及び問い合わせ先
300365805-38,入札書送付先:（１）契約条項を示す場所及び問い合わせ先 資格申請送付先:（１）契約条項を示す場所及び問い合わせ先 質問箇所所属/担当者:（１）契約条項を示す場所及び問い合わせ先
300365805-39,入札書送付先部署/担当者名:（１）契約条項を示す場所及び問い合わせ先 資格申請送付先部署/担当者名:（１）契約条項を示す場所及び問い合わせ先 質問箇所所属/担当者:（１）契約条項を示す場所及び問い合わせ先
300365805-40,資格申請送付先部署/担当者名:（１）契約条項を示す場所及び問い合わせ先 質問箇所所属/担当者:（１）契約条項を示す場所及び問い合わせ先
300365805-41,質問箇所TEL/FAX:（１）契約条項を示す場所及び問い合わせ先
300365805-42,NONE
300365805-43,NONE
300365805-44,NONE
300365805-45,入札書締切日時:令和２年２月17日（月）17時00分
300365805-46,NONE
300365805-47,NONE
300365805-48,NONE
300365805-49,NONE
300365805-50,質問票締切日時:令和2年2月17日（月）17時00分
300365805-51,NONE
300365805-52,NONE
300365805-53,入札書締切日時:令和2年2月17日（月）17時00分 資格申請締切日時:令和2年2月17日（月）17時00分
300365805-55,NONE
300365805-56,NONE
300365805-57,NONE
300365805-58,NONE
300365805-59,NONE
300365805-60,NONE
300365805-61,NONE
300365805-62,NONE
300365805-63,入札書締切日時:令和2年2月20日（木）1５時00分（開札 開札場所:開の 開札日時:令和2年2月20日（木）1５時00分（札
300365805-64,入札書送付先:（５）入札書の提出及び開札の日時及び場所 開札場所:東京都港区虎ノ門二丁目10番1号（５）入札書の提出及び開札の日時及び場所
300365805-65,開札場所:独立行政法人石油天然ガス・金属鉱物資源機構18階A・B会議室（５）入札書及び開札の日時及び場所
300365805-66,NONE
300365805-67,NONE
300365805-68,NONE
300365805-69,NONE
300365805-70,NONE
300365805-71,NONE
300365805-72,NONE
300365805-73,NONE
300365805-74,NONE
300365805-75,NONE
300365805-76,NONE
300365805-77,NONE
300365805-79,NONE
300365805-80,NONE
300365805-81,NONE
300365805-82,NONE
300365805-83,NONE
300365805-84,NONE
300365805-85,NONE
300365805-86,NONE
300365805-87,NONE
300365805-88,NONE
300365805-89,NONE
300365805-90,NONE
300365805-91,NONE
300365805-92,NONE
300365805-93,NONE
300365805-94,NONE
300365805-95,NONE
300365805-96,NONE
300365805-97,NONE
300365805-98,NONE
300365805-99,NONE
300365805-100,NONE
300365805-101,NONE
300365805-102,NONE
300365805-103,NONE
300365805-104,NONE
300365805-105,NONE
300365805-106,NONE
300365805-107,NONE
300365805-108,NONE
300365805-109,NONE
300365805-110,NONE
300365805-111,NONE
300365805-112,NONE
300365805-113,NONE
300365809-1,NONE
300365809-2,NONE
300365809-3,公告日:令和2年2月3日入札公告
300365809-4,NONE
300365809-5,NONE
300365809-6,NONE
300365809-7,入札件名:七尾国家石油ガス備蓄基地高圧電力購入(令和2年度)
300365809-8,NONE
300365809-9,NONE
300365809-10,調達年度:令和2年 調達終了日:令和3年3月3１日 調達開始日:令和2年4月１日
300365809-11,NONE
300365809-12,NONE
300365809-13,NONE
300365809-14,NONE
300365809-15,NONE
300365809-16,NONE
300365809-17,NONE
300365809-18,NONE
300365809-19,NONE
300365809-20,NONE
300365809-21,NONE
300365809-22,NONE
300365809-23,NONE
300365809-24,NONE
300365809-25,NONE
300365809-26,NONE
300365809-27,NONE
300365809-28,NONE
300365809-29,NONE
300365809-30,NONE
300365809-31,NONE
300365809-32,NONE
300365809-33,NONE
300365809-34,NONE
300365809-35,NONE
300365809-36,NONE
300365809-37,NONE
300365809-38,NONE
300365809-39,NONE
300365809-40,NONE
300365809-41,NONE
300365809-42,NONE
300365809-43,NONE
300365809-44,NONE
300365809-45,NONE
300365809-46,NONE
300365809-47,NONE
300365809-48,NONE
300365809-49,NONE
300365809-50,NONE
300365809-51,NONE
300365809-52,NONE
300365809-53,入札書送付先:（１）契約条項を示す場所及び問い合わせ先 資格申請送付先:（１）契約条項を示す場所及び問い合わせ先 質問箇所所属/担当者:（１）契約条項を示す場所及び問い合わせ先
300365809-54,入札書送付先:〒１０５－０００１ 資格申請送付先:〒１０５－０００１ 質問箇所所属/担当者:〒１０５－０００１
300365809-55,入札書送付先部署/担当者名:〒１０５－０００１ 資格申請送付先部署/担当者名:〒１０５－０００１ 質問箇所所属/担当者:〒１０５－０００１
300365809-56,資格申請送付先:〒１０５－０００１ 質問箇所所属/担当者:〒１０５－０００１
300365809-57,資格申請送付先:〒１０５－０００１ 質問箇所TEL/FAX:〒１０５－０００１
300365809-58,入札書送付先:〒１０５－０００１ 資格申請送付先:〒１０５－０００１
300365809-59,入札書送付先:〒１０５－０００１ 資格申請送付先:〒１０５－０００１ 質問箇所所属/担当者:〒１０５－０００１
300365809-60,入札書送付先:（１）契約条項を示す場所及び問い合わせ先 資格申請送付先:（１）契約条項を示す場所及び問い合わせ先 質問箇所所属/担当者:（１）契約条項を示す場所及び問い合わせ先 開札場所:〒926-0007石川県七尾市三室町１65部１番地（
300365809-61,入札書送付先:〒９２６－０００７石川県七尾市三室町１６５部１番地 入札書送付先部署/担当者名:〒９２６－０００７石川県七尾市三室町１６５部１番地 資格申請送付先:〒９２６－０００７石川県七尾市三室町１６５部１番地 資格申請送付先部署/担当者名:〒９２６－０００７石川県七尾市三室町１６５部１番地 質問箇所所属/担当者:〒９２６－０００７石川県七尾市三室町１６５部１番地 開札場所:９２６－７石川県七尾市三町１６５部１番地
300365809-62,入札書送付先:〒９２６－０００７石川県七尾市三室町１６５部１番地 資格申請送付先:〒９２６－０００７石川県七尾市三室町１６５部１番地 質問箇所所属/担当者:〒９２６－０００７石川県七尾市三室町１６５部１番地 開札場所:９２６－０００７石川県七尾市三室町１６５部１番地
300365809-63,入札書送付先:〒９２６－０００７石川県七尾市三室町１６５部１番地 資格申請送付先:〒９２６－０００７石川県七尾市三室町１６５部１番地 質問箇所TEL/FAX:〒９２６－０００７石川県七尾市三室町１６５部１番地 質問箇所所属/担当者:〒９２６－０００７石川県七尾市三室町１６５部１番地 開札場所:９２６０００７石川県七尾市三室町１６５部１番地
300365809-64,入札書送付先:〒９２６－０００７石川県七尾市三室町１６５部１番地 資格申請送付先:〒９２６－０００７石川県七尾市三室町１６５部１番地 質問箇所所属/担当者:〒９２６－０００７石川県七尾市三室町１６５部１番地 開札場所:〒９２６－０００７石川県七尾市三室町１６５部１番地
300365809-65,入札書送付先:〒９２６－０００７石川県七尾市三室町１６５部１番地 資格申請送付先:〒９２６－０００７石川県七尾市三室町１６５部１番地 質問箇所所属/担当者:〒９２６－０００７石川県七尾市三室町１６５部１番地 開札場所:〒９２６－０００７石川県七尾市三室町１６５部１番地
300365809-66,NONE
300365809-67,仕様書交付期限:令和２年２月14日
300365809-68,NONE
300365809-69,NONE
300365809-70,NONE
300365809-71,NONE
300365809-72,NONE
300365809-73,入札書締切日時:令和2年2月18日（火）16時00分 資格申請締切日時:令和2年2月18日（火）16時00分
300365809-74,資格申請送付先:（４）入札参加の申し込み
300365809-75,NONE
300365809-76,NONE
300365809-77,NONE
300365809-78,NONE
300365809-79,NONE
300365809-80,NONE
300365809-81,NONE
300365809-82,NONE
300365809-83,NONE
300365809-84,NONE
300365809-85,NONE
300365809-86,入札書締切日時:令和2年2月21日（金）1５時00分札 開札日時:令和2年2月21日（金）1５時00分札
300365809-87,開札場所:東京都港区虎ノ門二丁目10番1号虎ノ門ツインビルディング（５）書開札の
300365809-88,開札場所:独立行政法人石油天然ガス・金属鉱物資源機構１3階会議室場所：東京都港区虎ノ門二丁目１０番１号虎ノ門ツインビルディング
300365809-89,NONE
300365809-90,NONE
300365809-91,NONE
300365809-92,NONE
300365809-93,NONE
300365809-94,NONE
300365809-95,NONE
300365809-96,NONE
300365809-97,NONE
300365809-98,NONE
300365809-99,NONE
300365809-100,NONE
300365809-101,NONE
300365809-102,NONE
300365809-103,NONE
300365809-104,NONE
300365809-105,NONE
300365809-106,NONE
300365809-107,NONE
300365809-108,NONE
300365809-109,NONE
300365809-110,NONE
300365809-111,NONE
300365809-112,NONE
300365809-113,NONE
300365809-114,NONE
300365809-115,NONE
300365809-116,NONE
300365809-117,NONE
300365809-118,NONE
300365809-119,NONE
300365809-120,NONE
300365809-121,NONE
300365809-122,NONE
300365809-123,NONE
300365809-124,NONE
300365809-125,NONE
300365809-126,NONE
300365809-127,NONE
300365809-128,NONE
300365809-129,NONE
300365809-130,NONE
300365809-131,NONE
300365809-132,NONE
300365809-133,NONE
300365809-134,NONE
300365809-135,NONE
300365809-136,NONE
300365809-137,NONE
300365809-138,NONE
300365809-139,NONE
300365809-140,NONE
300365809-141,NONE
300365809-142,NONE
300365809-143,NONE
300365809-144,NONE
300365809-145,NONE
300365809-146,NONE
300365809-147,NONE
300365809-148,NONE
300365809-149,NONE
300365809-150,NONE
300365809-151,NONE
300365809-152,NONE
300365809-153,NONE
300365927-1,NONE
300365927-2,NONE
300365927-3,NONE
300365927-4,NONE
300365927-5,公告日:令和2年2月14日入札公告
300365927-6,NONE
300365927-7,NONE
300365927-8,NONE
300365927-9,NONE
300365927-10,NONE
300365927-11,入札件名:役職員用ノート型パソコン等の賃貸借
300365927-12,NONE
300365927-13,NONE
300365927-14,NONE
300365927-15,NONE
300365927-16,調達終了日:令和2年5月29日
300365927-17,施設名:独立行政法人石油天然ガス・金属鉱物資源機構東京本部１
300365927-18,施設名:〒10５-0001東京号５）納入場所独立行政法人石油天然ガス・金属鉱物資源機構東京本部 都道府県:東京都 需要場所(住所):〒10５-0001東京都港区二丁目10番1号（
300365927-19,施設名:独立行政法人石油天然ガス・金属鉱物資源機構東京本部
300365927-20,NONE
300365927-21,NONE
300365927-22,NONE
300365927-23,NONE
300365927-24,NONE
300365927-25,NONE
300365927-26,NONE
300365927-27,NONE
300365927-28,NONE
300365927-29,NONE
300365927-30,NONE
300365927-31,NONE
300365927-32,NONE
300365927-33,資格申請締切日時:令和２年3月２7日(金)16時
300365927-34,入札書締切日時:令和2年3月27日（金） 資格申請締切日時:令和2年3月27日（金）16時
300365927-35,入札書締切日時:令和2年3月27日（金）16時 資格申請締切日時:令和2年3月27日（金）16時
300365927-36,入札書締切日時:令和2年3月27日（金）16時 資格申請締切日時:令和2年3月27日（金）16時
300365927-37,NONE
300365927-38,NONE
300365927-39,NONE
300365927-40,入札書送付先:（１）契約条項を示す場所及び問い合わせ先 資格申請送付先:（１）契約条項を示す場所及び問い合わせ先 質問箇所所属/担当者:（１）契約条項を示す場所及び問い合わせ先
300365927-41,入札書送付先:（１）契約条項を示す場所及び問い合わせ先 資格申請送付先:（１）契約条項を示す場所及び問い合わせ先 質問箇所所属/担当者:（１）契約条項を示す場所及び問い合わせ先
300365927-42,入札書送付先部署/担当者名:（１）契約条項を示す場所及び問い合わせ先 資格申請送付先部署/担当者名:（１）契約条項を示す場所及び問い合わせ先 質問箇所所属/担当者:（１）契約条項を示す場所及び問い合わせ先
300365927-43,入札書送付先部署/担当者名:（１）契約条項を示す場所及び問い合わせ先 資格申請送付先部署/担当者名:（１）契約条項を示す場所及び問い合わせ先 質問箇所所属/担当者:（１）契約条項を示す場所及び問い合わせ先
300365927-44,質問箇所TEL/FAX:（１）契約条項を示す場所及び問い合わせ先
300365927-45,NONE
300365927-46,NONE
300365927-47,NONE
300365927-48,NONE
300365927-49,NONE
300365927-50,資格申請送付先:（３）入札説明会の日時及び場所
300365927-51,入札書締切日時:令和2年３月３12日（火木）16時
300365927-52,NONE
300365927-53,入札書締切日時:令和2年４月7日（火）11時00分（４３開札 開札場所:の日時場所 開札日時:令和2年４月7日（火）11時00分（４３開札
300365927-54,入札書送付先:（４３）入札書の提出及び開札の日時及び場所 開札場所:上記３（1）の16H会議室（４３）入札書の提出及び開札の日時場所
300365927-55,NONE
300365927-56,NONE
300365927-57,NONE
300365927-58,NONE
300365927-59,NONE
300365927-60,NONE
300365927-61,NONE
300365927-62,NONE
300365927-63,NONE
300365927-64,NONE
300365927-65,NONE
300365927-66,NONE
300365927-67,NONE
300365927-68,NONE
300365927-69,NONE
300365927-70,NONE
300365927-71,NONE
300365927-72,NONE
300365927-73,NONE
300365927-74,NONE
300365927-75,NONE
300365927-76,NONE
300365927-77,NONE
300365927-78,NONE
300365927-79,NONE
300365927-80,NONE
300365927-81,NONE
300365927-82,NONE
300365927-83,NONE
300365927-84,NONE
300365927-85,NONE
300365927-86,NONE
300365927-87,NONE
300365927-88,NONE
300365927-89,NONE
300365927-90,NONE
300365927-91,NONE
300365927-92,NONE
300365927-93,NONE
300365927-94,NONE
300365927-95,NONE
300365927-96,NONE
300365942-1,NONE
300365942-2,NONE
300365942-3,公告日:令和2年2月12日入札公告
300365942-4,NONE
300365942-5,NONE
300365942-6,NONE
300365942-7,入札件名:文書管理システム導入における要件定義書作成業務及びそれに付帯する業務委託契約
300365942-8,NONE
300365942-9,調達終了日:令和2年3月3１日 調達開始日:契約締結日
300365942-10,NONE
300365942-11,NONE
300365942-12,NONE
300365942-13,NONE
300365942-14,NONE
300365942-15,NONE
300365942-16,NONE
300365942-17,NONE
300365942-18,NONE
300365942-19,NONE
300365942-20,NONE
300365942-21,NONE
300365942-22,NONE
300365942-23,資格申請締切日時:令和２年２月２7日17時00分
300365942-24,資格申請締切日時:令和２年２月２7日17時00分
300365942-25,NONE
300365942-26,NONE
300365942-27,入札書送付先:（１）契約条項を示す場所及び問い合わせ先 資格申請送付先:（１）契約条項を示す場所及び問い合わせ先 質問箇所所属/担当者:（１）契約条項を示す場所及び問い合わせ先
300365942-28,入札書送付先:（１）契約条項を示す場所及び問い合わせ先 資格申請送付先:（１）契約条項を示す場所及び問い合わせ先 質問箇所所属/担当者:（１）契約条項を示す場所及び問い合わせ先
300365942-29,入札書送付先部署/担当者名:（１）契約条項を示す場所及び問い合わせ先 資格申請送付先部署/担当者名:（１）契約条項を示す場所及び問い合わせ先 質問箇所所属/担当者:（１）契約条項を示す場所及び問い合わせ先
300365942-30,資格申請送付先部署/担当者名:（１）契約条項を示す場所及び問い合わせ先 質問箇所所属/担当者:（１）契約条項を示す場所及び問い合わせ先
300365942-31,質問箇所TEL/FAX:（１）契約条項を示す場所及び問い合わせ先
300365942-32,NONE
300365942-33,NONE
300365942-34,NONE
300365942-35,NONE
300365942-36,NONE
300365942-37,NONE
300365942-38,NONE
300365942-39,NONE
300365942-40,NONE
300365942-41,入札書締切日時:令和2年2月28日（金）11時00分（開札 開札場所:の日時場所 開札日時:令和2年2月28日（金）11時00分（開札
300365942-42,入札書送付先:（４）入札書の提出及び開札の日時及び場所 開札場所:東京都港区虎ノ門二丁目10番1号虎ノ門ツインビルディング西棟13階（４）入札書及び開札の日時及び場所
300365942-43,入札書送付先部署/担当者名:（４）入札書の提出及び開札の日時及び場所 開札場所:独立行政法人石油天然ガス・金属鉱物資源機構13H会議室（４）入札書の提出及び開札の日時及び場所
300365942-44,NONE
300365942-45,NONE
300365942-46,NONE
300365942-47,NONE
300365942-48,NONE
300365942-49,NONE
300365942-50,NONE
300365942-51,NONE
300365942-52,NONE
300365942-53,NONE
300365942-54,NONE
300365942-55,NONE
300365942-56,NONE
300365942-57,NONE
300365942-58,NONE
300365942-59,NONE
300365942-60,NONE
300365942-61,NONE
300365942-62,NONE
300365942-63,NONE
300365942-64,NONE
300365942-65,NONE
300365942-66,NONE
300365942-67,NONE
300365942-68,NONE
300365942-69,NONE
300365942-70,NONE
300365942-71,NONE
300365942-72,NONE
300365942-73,NONE
300365942-74,NONE
300365942-75,NONE
300365942-76,NONE
300365942-77,NONE
300365942-78,NONE
300366166-1,NONE
300366166-2,NONE
300366166-3,公告日:令和2年2月20日入札公告
300366166-4,NONE
300366166-5,NONE
300366166-6,NONE
300366166-7,入札件名:不動産(筑紫野敷地)の売却
300366166-8,NONE
300366166-9,NONE
300366166-10,資格申請送付先部署/担当者名:(2)売却対象物件
300366166-11,NONE
300366166-12,都道府県:福岡県 需要場所(住所):福岡県筑紫野市二日市北二丁目
300366166-13,NONE
300366166-14,NONE
300366166-15,質問箇所TEL/FAX:(2)売却対象物件
300366166-16,NONE
300366166-17,NONE
300366166-18,NONE
300366166-19,NONE
300366166-20,NONE
300366166-21,NONE
300366166-22,NONE
300366166-23,NONE
300366166-24,NONE
300366166-25,NONE
300366166-26,NONE
300366166-27,NONE
300366166-28,NONE
300366166-29,NONE
300366166-30,NONE
300366166-31,NONE
300366166-32,NONE
300366166-33,NONE
300366166-34,NONE
300366166-35,NONE
300366166-36,NONE
300366166-37,NONE
300366166-38,NONE
300366166-39,NONE
300366166-40,NONE
300366166-41,NONE
300366166-42,NONE
300366166-43,入札書送付先:①入札に関すること 資格申請送付先:①入札に関すること 質問箇所所属/担当者:①入札に関すること
300366166-44,入札書送付先:①入札に関すること 資格申請送付先:①入札に関すること 質問箇所所属/担当者:①入札に関すること
300366166-45,入札書送付先部署/担当者名:①入札に関すること 資格申請送付先部署/担当者名:①入札に関すること 質問箇所所属/担当者:①入札に関すること
300366166-46,入札書送付先部署/担当者名:①入札に関すること 資格申請送付先部署/担当者名:①入札に関すること 質問箇所所属/担当者:①入札に関すること
300366166-47,質問箇所TEL/FAX:①入札に関すること
300366166-48,NONE
300366166-49,NONE
300366166-50,NONE
300366166-51,NONE
300366166-52,入札書送付先:②物件概要に関すること 資格申請送付先:②物件概要に関すること
300366166-53,入札書送付先:②物件概要に関すること 資格申請送付先:②物件概要に関すること
300366166-54,資格申請送付先部署/担当者名:②物件概要に関すること 質問箇所所属/担当者:②物件概要に関すること
300366166-55,質問箇所所属/担当者:②物件概要に関すること
300366166-56,質問箇所TEL/FAX:②物件概要に関すること
300366166-57,NONE
300366166-58,NONE
300366166-59,NONE
300366166-60,NONE
300366166-61,入札書締切日時:令和2年3月18日(水)17時
300366166-62,NONE
300366166-63,NONE
300366166-64,NONE
300366166-65,NONE
300366166-66,NONE
300366166-67,開札日時:令和2年3月10日(火)14時00分15時00分1日時
300366166-68,NONE
300366166-69,NONE
300366166-70,NONE
300366166-71,入札書締切日時:令和2年3月6日(金)17時00分 資格申請締切日時:令和2年3月6日(金)17時00分
300366166-72,NONE
300366166-73,NONE
300366166-74,NONE
300366166-75,NONE
300366166-76,開札日時:令和2年3月24日(火)13時30分1日時及び場所
300366166-77,開札場所:福岡県福岡市博多区博多駅前二丁目19番24号大博センタービル10階1日時及び場所
300366166-78,開札場所:独立行政法人石油天然ガス・金属鉱物資源機構九州支部第2・3会議室1日時及び場所
300366166-79,NONE
300366166-80,入札書締切日時:令和2年3月18日(水)17時00分 資格申請締切日時:令和2年3月18日(水)17時00分
300366166-81,NONE
300366166-82,NONE
300366166-83,NONE
300366166-84,NONE
300366166-85,NONE
300366166-86,NONE
300366166-87,NONE
300366166-88,NONE
300366166-89,NONE
300366166-90,NONE
300366166-91,NONE
300366166-92,NONE
300366166-93,NONE
300366166-94,NONE
300366166-95,NONE
300366166-96,NONE
300366166-97,NONE
300366166-98,NONE
300366166-99,入札書送付先部署/担当者名:・入札保証金の振込口座 資格申請送付先部署/担当者名:・入札保証金の振込口座
300366166-100,NONE
300366166-101,NONE
300366166-102,NONE
300366166-103,NONE
300366166-104,NONE
300366166-105,NONE
300366166-106,NONE
300366166-107,NONE
300366166-108,NONE
300366166-109,NONE
300366166-110,NONE
300366166-111,NONE
300366166-112,NONE
300366166-113,NONE
300366166-114,NONE
300366166-115,NONE
300366166-116,NONE
300366166-117,NONE
300366166-118,NONE
300366166-119,NONE
300366166-120,NONE
300366166-121,NONE
300366166-122,NONE
300366166-123,NONE
300366166-124,NONE
300366166-125,NONE
300366166-126,NONE
300366166-127,NONE
300366166-128,NONE
300366166-129,NONE
300366166-130,NONE
300366166-131,NONE
300366166-132,NONE
300366166-133,NONE
300366166-134,NONE
300366166-135,NONE
300366166-136,NONE
300366166-137,NONE
300366166-138,NONE
300366166-139,NONE
300366166-140,NONE
300366166-141,NONE
300366166-142,NONE
300366166-143,NONE
300366166-144,NONE
300366166-145,NONE
300366166-146,NONE
300366166-147,NONE
300366166-148,NONE
300366166-149,NONE
300366166-150,NONE
300366166-151,NONE
300366166-152,NONE
300366166-153,NONE
300366166-154,NONE
300366166-155,NONE
300366166-156,NONE
300366166-157,NONE
300366166-158,NONE
300366166-159,NONE
300366166-160,NONE
300366166-161,NONE
300366166-162,NONE
300366166-163,NONE
300366166-164,NONE
300366166-165,NONE
300366166-166,NONE
300366166-167,NONE
300366166-168,NONE
300366166-169,NONE
300366166-170,NONE
300366166-171,NONE
300366166-172,NONE
300366166-173,NONE
300366166-174,NONE
300366166-175,NONE
300366166-176,NONE
300366166-177,NONE
300366166-178,NONE
300366166-179,NONE
300366166-180,NONE
300366166-181,NONE
300366225-1,NONE
300366225-2,NONE
300366225-3,公告日:令和2年2月25日入札公告
300366225-4,NONE
300366225-5,NONE
300366225-6,NONE
300366225-7,NONE
300366225-8,入札件名:坑井資料のデジタイズ業務
300366225-9,NONE
300366225-10,NONE
300366225-11,NONE
300366225-12,NONE
300366225-13,NONE
300366225-14,調達終了日:令和3年3月１6日 調達開始日:契約締結日
300366225-15,NONE
300366225-16,NONE
300366225-17,NONE
300366225-18,NONE
300366225-19,NONE
300366225-20,NONE
300366225-21,NONE
300366225-22,NONE
300366225-23,NONE
300366225-24,NONE
300366225-25,NONE
300366225-26,NONE
300366225-27,NONE
300366225-28,NONE
300366225-29,NONE
300366225-30,NONE
300366225-31,NONE
300366225-32,NONE
300366225-33,NONE
300366225-34,NONE
300366225-35,NONE
300366225-36,NONE
300366225-37,NONE
300366225-38,NONE
300366225-39,NONE
300366225-40,NONE
300366225-41,NONE
300366225-42,NONE
300366225-43,NONE
300366225-44,NONE
300366225-45,NONE
300366225-46,NONE
300366225-47,NONE
300366225-48,NONE
300366225-49,NONE
300366225-50,入札書送付先:(1)契約条項を示す場所及び問い合わせ先 資格申請送付先:(1)契約条項を示す場所及び問い合わせ先 質問箇所所属/担当者:(1)契約条項を示す場所及び問い合わせ先
300366225-51,入札書送付先:(1)契約条項を示す場所及び問い合わせ先 資格申請送付先:(1)契約条項を示す場所及び問い合わせ先 質問箇所所属/担当者:(1)契約条項を示す場所及び問い合わせ先
300366225-52,入札書送付先部署/担当者名:(1)契約条項を示す場所及び問い合わせ先 資格申請送付先部署/担当者名:(1)契約条項を示す場所及び問い合わせ先 質問箇所所属/担当者:(1)契約条項を示す場所及び問い合わせ先
300366225-53,入札書送付先部署/担当者名:(1)契約条項を示す場所及び問い合わせ先 資格申請送付先部署/担当者名:(1)契約条項を示す場所及び問い合わせ先 質問箇所所属/担当者:(1)契約条項を示す場所及び問い合わせ先
300366225-54,質問箇所TEL/FAX:(1)契約条項を示す場所及び問い合わせ先
300366225-55,NONE
300366225-56,NONE
300366225-57,NONE
300366225-58,NONE
300366225-59,NONE
300366225-60,NONE
300366225-61,NONE
300366225-62,NONE
300366225-63,NONE
300366225-64,入札書締切日時:令和2年3月26日(木)14時00分(3)入札開札 開札場所:の 開札日時:令和2年3月26日(木)14時00分(3)入札開札
300366225-65,入札書送付先:(3)入札書の提出及び開札の日時及び場所 開札場所:〒105-0001(3)入札書の提出及び開札の日時及び場所
300366225-66,入札書送付先:(3)入札書の提出及び開札の日時及び場所 開札場所:東京都港区虎ノ門二丁目10番1号虎ノ門ツインビルディング14階(3)入札書開札の日時場所
300366225-67,入札書送付先部署/担当者名:(3)入札書の提出及び開札の日時及び場所 開札場所:独立行政法人石油天然ガス・金属鉱物資源機14B会議室(3)入札書の提出及び開札の日時及び場所
300366225-68,NONE
300366225-69,NONE
300366225-70,NONE
300366225-71,NONE
300366225-72,NONE
300366225-73,NONE
300366225-74,NONE
300366225-75,NONE
300366225-76,NONE
300366225-77,NONE
300366225-78,NONE
300366225-79,NONE
300366225-80,NONE
300366225-81,NONE
300366225-82,NONE
300366225-83,NONE
300366225-84,NONE
300366225-85,NONE
300366225-86,NONE
300366225-87,NONE
300366225-88,NONE
300366225-89,NONE
300366225-90,NONE
300366225-91,NONE
300366225-92,NONE
300366225-93,NONE
300366225-94,NONE
300366225-95,NONE
300366225-96,NONE
300366225-97,NONE
300366225-98,NONE
300366225-99,NONE
300366225-100,NONE
300366225-101,NONE
300366225-102,NONE
300366225-103,NONE
300366225-104,NONE
300366225-105,NONE
300366225-106,NONE
300366225-107,NONE
300366225-108,NONE
300366225-109,NONE
300366225-110,NONE
300366225-111,NONE
300366225-112,NONE
300366225-113,NONE
300366225-114,NONE
300366225-115,NONE
300366225-116,NONE
300366225-117,NONE
300366225-118,NONE
300366225-119,NONE
300366240-1,NONE
300366240-2,NONE
300366240-3,NONE
300366240-4,NONE
300366240-5,公告日:令和2年2月26日入札公告
300366240-6,NONE
300366240-7,NONE
300366240-8,NONE
300366240-9,入札件名:「令和2年度新聞記事等クリッピング代行業務」
300366240-10,NONE
300366240-11,調達年度:令和2年 調達終了日:令和3年3月3１日 調達開始日:令和2年4月１日
300366240-12,NONE
300366240-13,NONE
300366240-14,NONE
300366240-15,NONE
300366240-16,NONE
300366240-17,NONE
300366240-18,NONE
300366240-19,NONE
300366240-20,NONE
300366240-21,NONE
300366240-22,NONE
300366240-23,NONE
300366240-24,NONE
300366240-25,NONE
300366240-26,NONE
300366240-27,NONE
300366240-28,NONE
300366240-29,NONE
300366240-30,NONE
300366240-31,資格申請締切日時:令和２年3月17日(火)17時令和２年3月19日(金)14時
300366240-32,NONE
300366240-33,NONE
300366240-34,入札書送付先:（１）契約条項を示す場所及び問い合わせ先 資格申請送付先:（１）契約条項を示す場所及び問い合わせ先
300366240-35,資格申請送付先部署/担当者名:（１）契約条項を示す場所及び問い合わせ先 質問箇所所属/担当者:（１）契約条項を示す場所及び問い合わせ先
300366240-36,質問箇所TEL/FAX:（１）契約条項を示す場所及び問い合わせ先
300366240-37,NONE
300366240-38,入札書締切日時:令和２年3月13日（金）17時17:0013
300366240-39,NONE
300366240-40,NONE
300366240-41,開札日時:令和2年３月25日（水）14時00分（３）入札・開札の日時及び場所
300366240-42,開札場所:〒105-0001東京都港区虎ノ門二丁目10番1号虎ノ門ツインビルディング（３）入札・開札の日時及び場所
300366240-43,開札場所:独立行政法人石油天然ガス・金属鉱物資源機構1３階会議室（３）入札・開札の日時及び場所
300366240-44,NONE
300366240-45,NONE
300366240-46,NONE
300366240-47,NONE
300366240-48,NONE
300366240-49,NONE
300366240-50,NONE
300366240-51,NONE
300366240-52,NONE
300366240-53,NONE
300366240-54,NONE
300366240-55,NONE
300366240-56,NONE
300366240-57,NONE
300366240-58,NONE
300366240-59,NONE
300366240-60,NONE
300366240-61,NONE
300366240-62,NONE
300366240-63,NONE
300366240-64,NONE
300366240-65,NONE
300366240-66,NONE
300366240-67,NONE
300366240-68,NONE
300366240-69,NONE
300366240-70,NONE
300366240-71,NONE
300366240-72,NONE
300366240-73,NONE
300366240-74,NONE
300366240-75,NONE
300366240-76,NONE
300366240-77,NONE
300366240-78,NONE
300366240-79,NONE
300366240-80,NONE
300366240-81,NONE
300366240-82,NONE
300366240-83,NONE
300366240-84,NONE
300366240-85,NONE
300366240-86,NONE
300366240-87,NONE
300366240-88,NONE
300366240-89,NONE
300366240-90,NONE
300366240-91,NONE
300366306-1,NONE
300366306-2,NONE
300366306-3,公告日:令和2年2月27日入札公告
300366306-4,NONE
300366306-5,NONE
300366306-6,NONE
300366306-7,入札件名:ハイヤー供給請負業務契約１
300366306-8,NONE
300366306-9,調達年度:令和2年 調達終了日:令和3年3月3１日 調達開始日:令和2年4月１日
300366306-10,NONE
300366306-11,NONE
300366306-12,NONE
300366306-13,NONE
300366306-14,NONE
300366306-15,NONE
300366306-16,NONE
300366306-17,NONE
300366306-18,NONE
300366306-19,NONE
300366306-20,NONE
300366306-21,NONE
300366306-22,NONE
300366306-23,NONE
300366306-24,NONE
300366306-25,NONE
300366306-26,NONE
300366306-27,NONE
300366306-28,NONE
300366306-29,資格申請締切日時:令和２年3月11日(水)17時00分
300366306-33,NONE
300366306-34,NONE
300366306-35,入札書送付先:（１）契約条項を示す場所及び問い合わせ先 資格申請送付先:（１）契約条項を示す場所及び問い合わせ先 質問箇所所属/担当者:（１）契約条項を示す場所及び問い合わせ先
300366306-36,入札書送付先:（１）契約条項を示す場所及び問い合わせ先 資格申請送付先:（１）契約条項を示す場所及び問い合わせ先 質問箇所所属/担当者:（１）契約条項を示す場所及び問い合わせ先
300366306-38,入札書送付先部署/担当者名:（１）契約条項を示す場所及び問い合わせ先 資格申請送付先部署/担当者名:（１）契約条項を示す場所及び問い合わせ先 質問箇所所属/担当者:（１）契約条項を示す場所及び問い合わせ先
300366306-39,資格申請送付先部署/担当者名:（１）契約条項を示す場所及び問い合わせ先 質問箇所所属/担当者:（１）契約条項を示す場所及び問い合わせ先
300366306-40,質問箇所TEL/FAX:（１）契約条項を示す場所及び問い合わせ先
300366306-41,NONE
300366306-42,NONE
300366306-43,入札書締切日時:令和２年3月10日（火）17時00分
300366306-45,入札書締切日時:17時00分
300366306-46,NONE
300366306-47,NONE
300366306-48,NONE
300366306-49,入札書締切日時:令和2年３月12日（木）14時00分（３）入札開札 開札場所:の 開札日時:令和2年３月12日（木）14時00分（３）入札開札
300366306-50,入札書送付先:（３）入札書の提出及び開札の日時及び場所 開札場所:東京都港区虎ノ門二丁目10番1号虎ノ門ツインビルディング（３）入札開札の日時場所
300366306-51,入札書送付先部署/担当者名:（３）入札書の提出及び開札の日時及び場所 開札場所:独立行政法人石油天然ガス・金属鉱物資源機構18AB会議室（３）入札書の提出及び開札の日時及び場所
300366306-52,NONE
300366306-53,NONE
300366306-54,NONE
300366306-55,NONE
300366306-56,NONE
300366306-57,NONE
300366306-58,NONE
300366306-59,NONE
300366306-60,NONE
300366306-61,NONE
300366306-62,NONE
300366306-63,NONE
300366306-64,NONE
300366306-65,NONE
300366306-66,NONE
300366306-67,NONE
300366306-68,NONE
300366306-69,NONE
300366306-70,NONE
300366306-71,NONE
300366306-72,NONE
300366306-74,NONE
300366306-75,NONE
300366306-76,NONE
300366306-77,NONE
300366306-78,NONE
300366306-79,NONE
300366306-80,NONE
300366306-81,NONE
300366306-82,NONE
300366306-83,NONE
300366306-84,NONE
300366306-85,NONE
300366306-86,NONE
300366306-87,NONE
300366306-88,NONE
300366306-89,NONE
300366306-90,NONE
300366306-91,NONE
300366306-92,NONE
300366306-93,NONE
300366306-94,NONE
300366306-95,NONE
300366306-96,NONE
300366306-97,NONE
300366306-98,NONE
300366498-1,NONE
300366498-2,NONE
300366498-3,公告日:令和2年3月13日入札公告
300366498-4,NONE
300366498-5,NONE
300366498-6,NONE
300366498-7,NONE
300366498-8,入札件名:令和2年度苫小牧東部国家石油備蓄基地における産業廃棄物処理業務（
300366498-9,NONE
300366498-10,都道府県:北海道 需要場所(住所):北海道苫小牧市字静川308番（２）実施場所
300366498-11,施設名:苫小牧東部国家石油備蓄基地（２）実施場所
300366498-12,NONE
300366498-13,NONE
300366498-14,NONE
300366498-15,調達終了日:令和3年3月3１日 調達開始日:契約締結日
300366498-16,NONE
300366498-17,NONE
300366498-18,NONE
300366498-19,NONE
300366498-20,NONE
300366498-21,NONE
300366498-22,NONE
300366498-23,NONE
300366498-24,NONE
300366498-25,NONE
300366498-26,NONE
300366498-27,NONE
300366498-28,NONE
300366498-29,資格申請締切日時:和
300366498-30,NONE
300366498-31,NONE
300366498-32,NONE
300366498-33,NONE
300366498-35,NONE
300366498-36,NONE
300366498-37,NONE
300366498-38,NONE
300366498-39,NONE
300366498-40,NONE
300366498-41,NONE
300366498-42,NONE
300366498-43,NONE
300366498-44,NONE
300366498-45,NONE
300366498-46,NONE
300366498-47,入札書送付先:（１）契約条項を示す場所及び問い合わせ先 資格申請送付先:（１）契約条項を示す場所及び問い合わせ先 質問箇所所属/担当者:（１）契約条項を示す場所及び問い合わせ先
300366498-48,入札書送付先:〒１０５－０００１ 資格申請送付先:〒１０５－０００１ 質問箇所所属/担当者:〒１０５－０００１
300366498-49,入札書送付先部署/担当者名:〒１０５－０００１ 資格申請送付先部署/担当者名:〒１０５－０００１ 質問箇所所属/担当者:〒１０５－０００１
300366498-50,質問箇所所属/担当者:〒１０５－０００１
300366498-51,入札書送付先:〒１０５－０００１ 資格申請送付先:〒１０５－０００１ 質問箇所TEL/FAX:〒１０５－０００１
300366498-52,入札書送付先:〒１０５－０００１ 資格申請送付先:〒１０５－０００１ 質問箇所TEL/FAX:〒１０５－０００１
300366498-53,入札書送付先:〒１０５－０００１ 資格申請送付先:〒１０５－０００１ 質問箇所所属/担当者:〒１０５－０００１
300366498-54,入札書送付先:３契約条項を示す場所等 資格申請送付先:３契約条項を示す場所等 質問箇所所属/担当者:３契約条項を示す場所等
300366498-55,入札書送付先:〒０５９－１３６３ 資格申請送付先:〒０５９－１３６３ 質問箇所所属/担当者:〒０５９－１３６３
300366498-56,入札書送付先:〒０５９－１３６３ 入札書送付先部署/担当者名:〒０５９－１３６３ 資格申請送付先部署/担当者名:〒０５９－１３６３ 質問箇所所属/担当者:〒０５９－１３６３
300366498-57,質問箇所所属/担当者:〒０５９－１３６３
300366498-58,質問箇所TEL/FAX:〒０５９－１３６３
300366498-59,質問箇所TEL/FAX:〒０５９－１３６３
300366498-60,入札書送付先:〒０５９－１３６３ 資格申請送付先:〒０５９－１３６３
300366498-61,NONE
300366498-62,入札書締切日時:令和２年4月２日（木）10時0017時00分
300366498-66,NONE
300366498-67,資格申請締切日時:令和2年4月３日（金）17時00分令和2年4月8日（水）17時
300366498-71,NONE
300366498-72,NONE
300366498-73,NONE
300366498-74,NONE
300366498-76,NONE
300366498-77,NONE
300366498-78,NONE
300366498-79,NONE
300366498-80,NONE
300366498-81,NONE
300366498-82,NONE
300366498-83,NONE
300366498-84,入札書締切日時:令和2年４月10日（金）1４時00分（開札 開札場所:の日時 開札日時:2年00（開札
300366498-85,入札書送付先:（４）入札書の提出及び開札の日時及び場所 開札場所:〒059-1363（４）入札書の提出及び開札の日時及び場所
300366498-86,開札場所:北海道苫小牧市字静川308番（４）入札書の提出及び開札の日時及び場所
300366498-87,入札書送付先部署/担当者名:（４）入札書の提出及び開札の日時及び場所 開札場所:独立行政法人石油天然ガス・金属鉱物資源機構（４）入札書の提出及び開札の日時及び場所
300366498-88,開札場所:苫小牧東部国家石油備蓄基地事務所（４）入札書の提出及び開札の日時及び場所
300366498-89,NONE
300366498-90,NONE
300366498-91,NONE
300366498-92,NONE
300366498-93,NONE
300366498-94,NONE
300366498-95,NONE
300366498-96,NONE
300366498-97,NONE
300366498-98,NONE
300366498-99,NONE
300366498-100,NONE
300366498-101,NONE
300366498-102,NONE
300366498-103,NONE
300366498-104,NONE
300366498-105,NONE
300366498-106,NONE
300366498-107,NONE
300366498-108,NONE
300366498-109,NONE
300366498-110,NONE
300366498-111,NONE
300366498-112,NONE
300366498-114,NONE
300366498-115,NONE
300366498-116,NONE
300366498-117,NONE
300366498-118,NONE
300366498-119,NONE
300366498-120,NONE
300366498-121,NONE
300366498-122,NONE
300366498-123,NONE
300366498-124,NONE
300366498-125,NONE
300366498-126,NONE
300366498-127,NONE
300366498-128,NONE
300366498-129,NONE
300366498-130,NONE
300366498-131,NONE
300366498-132,NONE
300366498-133,NONE
300366498-134,NONE
300366498-135,NONE
300366498-136,NONE
300366498-137,NONE
300366498-138,NONE
300367020-1,NONE
300367020-2,NONE
300367020-3,NONE
300367020-4,NONE
300367020-5,公告日:令和2年4月24日入札公告
300367020-6,NONE
300367020-7,NONE
300367020-8,NONE
300367020-9,NONE
300367020-10,NONE
300367020-11,入札件名:尾花沢鉱山における実証試験に関する電気工事（１）
300367020-12,NONE
300367020-13,施設名:鉱山地場所 都道府県:山形県 需要場所(住所):山形県尾花沢市尾花沢鉱山地内（２）実施場所
300367020-14,NONE
300367020-15,NONE
300367020-16,NONE
300367020-17,NONE
300367020-18,調達終了日:令和2年7月31日（ 調達開始日:契約締結日
300367020-19,NONE
300367020-20,NONE
300367020-21,NONE
300367020-22,NONE
300367020-23,NONE
300367020-24,NONE
300367020-25,NONE
300367020-26,NONE
300367020-27,NONE
300367020-28,NONE
300367020-29,NONE
300367020-30,NONE
300367020-31,NONE
300367020-32,NONE
300367020-33,NONE
300367020-34,NONE
300367020-35,NONE
300367020-36,NONE
300367020-37,NONE
300367020-38,NONE
300367020-39,NONE
300367020-40,NONE
300367020-41,NONE
300367020-42,NONE
300367020-43,資格申請締切日時:令和2年5月20日(水)17時00分 質問箇所所属/担当者:３入札参加申し込み
300367020-44,NONE
300367020-45,NONE
300367020-46,NONE
300367020-47,NONE
300367020-48,NONE
300367020-49,NONE
300367020-50,NONE
300367020-51,NONE
300367020-52,NONE
300367020-53,NONE
300367020-54,NONE
300367020-55,質問箇所所属/担当者:（１）契約条項を示す場所及び問合せ先
300367020-56,質問箇所所属/担当者:（１）契約条項を示す場所及び問合せ先
300367020-57,質問箇所TEL/FAX:（１）契約条項を示す場所及び問合せ先 質問箇所所属/担当者:（１）契約条項を示す場所及び問合せ先
300367020-58,質問箇所TEL/FAX:（１）契約条項を示す場所及び問合せ先 質問箇所所属/担当者:（１）契約条項を示す場所及び問合せ先
300367020-59,NONE
300367020-60,質問箇所TEL/FAX:（１）契約条項を示す場所及び問合せ先 質問箇所所属/担当者:（１）契約条項を示す場所及び問合せ先
300367020-61,NONE
300367020-62,NONE
300367020-63,NONE
300367020-64,NONE
300367020-66,NONE
300367020-67,開札日時:令和2年５月22日（金）14時00分~５競争執行（入札）の日時及び場所
300367020-68,開札場所:〒10５-0001東京都港区虎ノ門二丁目10番1号５競争執行（入札）の日時及び場所
300367020-69,開札場所:独立行政法人石油天然ガス・金属鉱物資源機構５競争執行（入札）の日時及び場所
300367020-70,開札場所:虎ノ門ツインビルディング西棟16階G会議室５競争執行（入札）の日時及び場所
300367020-71,NONE
300367020-72,NONE
300367020-73,NONE
300367020-74,NONE
300367020-75,NONE
300367020-76,NONE
300367020-77,NONE
300367020-78,NONE
300367020-79,NONE
300367020-80,NONE
300367020-81,NONE
300367020-82,NONE
300367020-83,NONE
300367020-84,NONE
300367020-85,NONE
300367020-86,NONE
300367020-87,NONE
300367020-88,NONE
300367020-89,NONE
300367020-90,NONE
300367020-91,NONE
300367020-92,NONE
300367020-93,NONE
300367020-94,NONE
300367020-95,NONE
300367020-96,NONE
300367020-97,NONE
300367020-98,NONE
300367020-99,NONE
300367020-101,NONE
300367020-102,NONE
300367020-103,NONE
300367020-104,NONE
300367020-105,NONE
300367020-106,NONE
300367020-107,NONE
300367020-108,NONE
300367020-109,NONE
300367020-110,NONE
300367020-111,NONE
300367020-112,NONE
300367020-113,NONE
300367020-114,NONE
300367020-115,NONE
300367020-116,NONE
300367020-117,NONE
300367020-118,NONE
300367020-119,NONE
300367020-120,NONE
300367020-121,NONE
300367020-122,NONE
300367120-1,NONE
300367120-2,NONE
300367120-3,公告日:令和2年4月24日入札公告
300367120-4,NONE
300367120-5,NONE
300367120-6,NONE
300367120-7,NONE
300367120-8,NONE
300367120-9,入札件名:自然力活用型坑廃水処理の実規模相当実証試験に関する嫌気反応槽の内容物混合・充填工事
300367120-11,NONE
300367120-12,都道府県:秋田県 需要場所(住所):秋田県大館市雪沢又右エ門沢64（２）履行場所
300367120-13,NONE
300367120-14,NONE
300367120-15,NONE
300367120-16,NONE
300367120-17,NONE
300367120-18,調達終了日:令和2年7月31日（ 調達開始日:契約締結日
300367120-19,NONE
300367120-20,NONE
300367120-21,NONE
300367120-22,NONE
300367120-23,NONE
300367120-24,NONE
300367120-25,NONE
300367120-26,NONE
300367120-27,NONE
300367120-28,NONE
300367120-29,NONE
300367120-30,NONE
300367120-31,NONE
300367120-32,NONE
300367120-33,NONE
300367120-35,資格申請締切日時:令和
300367120-36,NONE
300367120-37,NONE
300367120-38,NONE
300367120-39,NONE
300367120-40,NONE
300367120-41,NONE
300367120-42,資格申請締切日時:令和2年5月18日(月)17時00分 質問箇所所属/担当者:３入札参加申し込み
300367120-43,NONE
300367120-44,NONE
300367120-45,NONE
300367120-46,NONE
300367120-47,NONE
300367120-48,NONE
300367120-49,NONE
300367120-50,NONE
300367120-51,NONE
300367120-52,NONE
300367120-53,NONE
300367120-54,NONE
300367120-55,質問箇所所属/担当者:（１）契約条項を示す場所及び問合せ先
300367120-56,質問箇所所属/担当者:（１）契約条項を示す場所及び問合せ先
300367120-57,質問箇所TEL/FAX:（１）契約条項を示す場所及び問合せ先 質問箇所所属/担当者:（１）契約条項を示す場所及び問合せ先
300367120-58,質問箇所TEL/FAX:（１）契約条項を示す場所及び問合せ先 質問箇所所属/担当者:（１）契約条項を示す場所及び問合せ先
300367120-59,NONE
300367120-60,入札書送付先部署/担当者名:（１）契約条項を示す場所及び問合せ先 質問箇所TEL/FAX:（１）契約条項を示す場所及び問合せ先 質問箇所所属/担当者:（１）契約条項を示す場所及び問合せ先
300367120-61,NONE
300367120-62,NONE
300367120-63,NONE
300367120-64,NONE
300367120-66,NONE
300367120-67,NONE
300367120-68,NONE
300367120-69,NONE
300367120-70,NONE
300367120-71,NONE
300367120-72,開札日時:令和2年５月20日（水）14時00分~５競争執行（入札）の日時及び場所
300367120-73,開札場所:〒017-0202秋田県鹿角郡小坂町小坂鉱山字古館9-3５競争執行（入札）の日時及び場所
300367120-74,開札場所:独立行政法人石油天然ガス・金属鉱物資源機構金属資源技術研究所５競争執行（入札）の日時及び場所
300367120-75,NONE
300367120-76,NONE
300367120-77,NONE
300367120-78,NONE
300367120-79,NONE
300367120-80,NONE
300367120-81,NONE
300367120-82,NONE
300367120-83,NONE
300367120-84,NONE
300367120-85,NONE
300367120-86,NONE
300367120-87,NONE
300367120-88,NONE
300367120-89,NONE
300367120-90,NONE
300367120-91,NONE
300367120-92,NONE
300367120-93,NONE
300367120-94,NONE
300367120-95,NONE
300367120-96,NONE
300367120-97,NONE
300367120-99,NONE
300367120-100,NONE
300367120-101,NONE
300367120-102,NONE
300367120-103,NONE
300367120-104,NONE
300367120-105,NONE
300367120-106,NONE
300367120-107,NONE
300367120-108,NONE
300367120-109,NONE
300367120-110,NONE
300367120-111,NONE
300367120-112,NONE
300367120-113,NONE
300367120-114,NONE
300367120-115,NONE
300367120-116,NONE
300367120-117,NONE
300367120-118,NONE
300367120-119,NONE
300367120-120,NONE
300367120-121,NONE
300367120-122,NONE
300367120-123,NONE
300367120-124,NONE
300367120-125,NONE
300367120-126,NONE
