,doc,index,ID,Tag,Value
0,300351389,1,300351389-1,,
1,300351389,2,300351389-2,,
2,300351389,3,300351389-3,公告日,平成３０年１月１８日
3,300351389,4,300351389-4,,
4,300351389,5,300351389-5,,
5,300351389,6,300351389-6,,
6,300351389,7,300351389-7,,
7,300351389,8,300351389-8,入札件名,むつ小川原国家石油備蓄基地電力購入（平成３０年度）
8,300351389,9,300351389-9,,
9,300351389,10,300351389-10,,
10,300351389,11,300351389-11,,
11,300351389,12,300351389-12,,
12,300351389,13,300351389-13,,
13,300351389,14,300351389-14,,
14,300351389,15,300351389-15,,
15,300351389,16,300351389-16,,
16,300351389,17,300351389-17,,
17,300351389,18,300351389-18,,
18,300351389,19,300351389-19,,
19,300351389,20,300351389-20,,
20,300351389,21,300351389-21,,
21,300351389,22,300351389-22,,
22,300351389,23,300351389-23,調達年度;調達終了日;調達開始日,平成３０年;平成３１年３月３１日;平成３０年４月１日
23,300351389,24,300351389-24,,
24,300351389,25,300351389-25,,
25,300351389,26,300351389-26,,
26,300351389,27,300351389-27,,
27,300351389,28,300351389-28,都道府県;需要場所(住所),青森県;青森県上北郡六ヶ所村大字字二又５２５番地２
28,300351389,29,300351389-29,施設名,むつ小川原国家石油備蓄基地
29,300351389,30,300351389-30,,
30,300351389,31,300351389-31,,
31,300351389,32,300351389-32,都道府県;需要場所(住所),青森県上北郡六ヶ所村大字字沖付１１１番地;青森県上北郡六ヶ所村大字字沖付１１１番地
32,300351389,33,300351389-33,施設名,むつ小川原国家石油備蓄基地中継ポンプ場
33,300351389,34,300351389-34,,
34,300351389,35,300351389-35,都道府県;需要場所(住所),青森県上北郡六ヶ所村大字字表舘２番地３９;青森県上北郡六ヶ所村大字字表舘２番地３９
35,300351389,36,300351389-36,施設名,むつ小川原国家石油備蓄基地消火用水取水場
36,300351389,37,300351389-37,,
37,300351389,38,300351389-38,,
38,300351389,39,300351389-39,都道府県;需要場所(住所),青森県上北郡六ヶ所村大字字上２２番地６;青森県上北郡六ヶ所村大字字上２２番地６
39,300351389,40,300351389-40,施設名,むつ小川原国家石油備蓄基地工業用水取水場
40,300351389,41,300351389-41,,
41,300351389,42,300351389-42,都道府県;需要場所(住所),青森県上北郡六ヶ所村大字鷹架発茶沢３３－５０;青森県上北郡六ヶ所村大字鷹架発茶沢３３－５０
42,300351389,43,300351389-43,施設名,むつ小川原国家石油備蓄基地作業船管理場
43,300351389,44,300351389-44,,
44,300351389,45,300351389-45,,
45,300351389,46,300351389-46,,
46,300351389,47,300351389-47,,
47,300351389,48,300351389-48,,
48,300351389,49,300351389-49,,
49,300351389,50,300351389-50,,
50,300351389,51,300351389-51,,
51,300351389,52,300351389-52,,
52,300351389,53,300351389-53,,
53,300351389,54,300351389-54,,
54,300351389,55,300351389-55,,
55,300351389,56,300351389-56,,
56,300351389,57,300351389-57,,
57,300351389,58,300351389-58,,
58,300351389,59,300351389-59,,
59,300351389,60,300351389-60,,
60,300351389,61,300351389-61,,
61,300351389,62,300351389-62,,
62,300351389,63,300351389-63,,
63,300351389,64,300351389-64,,
64,300351389,65,300351389-65,,
65,300351389,66,300351389-66,,
66,300351389,67,300351389-67,,
67,300351389,68,300351389-68,,
68,300351389,69,300351389-69,,
69,300351389,70,300351389-70,,
70,300351389,71,300351389-71,,
71,300351389,72,300351389-72,,
72,300351389,73,300351389-73,,
73,300351389,74,300351389-74,,
74,300351389,75,300351389-75,,
75,300351389,76,300351389-76,,
76,300351389,77,300351389-77,質問箇所所属/担当者,〒105-0001東京都港区虎ノ門二丁目１０番１号
77,300351389,78,300351389-78,質問箇所所属/担当者,独立行政法人石油天然ガス・金属鉱物資源機構
78,300351389,79,300351389-79,質問箇所所属/担当者,石油備蓄部基地管理課若田健次
79,300351389,80,300351389-80,質問箇所TEL/FAX,（電話）０３－６７５８－８５１７
80,300351389,81,300351389-81,質問箇所TEL/FAX,（ＦＡＸ）０３－６７５８－８０６４
81,300351389,82,300351389-82,,
82,300351389,83,300351389-83,,
83,300351389,84,300351389-84,,
84,300351389,85,300351389-85,,
85,300351389,86,300351389-86,,
86,300351389,87,300351389-87,資格申請締切日時,平成３０年２月５日（月）１２時
87,300351389,88,300351389-88,仕様書交付期限,平成３０年２月６日（火）
88,300351389,89,300351389-89,,
89,300351389,90,300351389-90,開札日時,平成３０年２月８日（木）１１時００分
90,300351389,91,300351389-91,開札場所,東京都港区虎ノ門二丁目１０番１号虎ノ門ツインビルディング
91,300351389,92,300351389-92,開札場所,独立行政法人石油天然ガス・金属鉱物資源機構１３階会議室
92,300351389,93,300351389-93,,
93,300351389,94,300351389-94,,
94,300351389,95,300351389-95,,
95,300351389,96,300351389-96,,
96,300351389,97,300351389-97,,
97,300351389,98,300351389-98,,
98,300351389,99,300351389-99,,
99,300351389,100,300351389-100,,
100,300351389,101,300351389-101,,
101,300351389,102,300351389-102,,
102,300351389,103,300351389-103,,
103,300351389,104,300351389-104,,
104,300351389,105,300351389-105,,
105,300351389,106,300351389-106,,
106,300351389,107,300351389-107,,
107,300351389,108,300351389-108,,
108,300351389,109,300351389-109,,
109,300351389,110,300351389-110,,
110,300351389,111,300351389-111,,
111,300351389,112,300351389-112,,
112,300351389,113,300351389-113,,
113,300351389,114,300351389-114,,
114,300351389,115,300351389-115,,
115,300351389,116,300351389-116,,
116,300351389,117,300351389-117,,
117,300351389,118,300351389-118,,
118,300351389,119,300351389-119,,
119,300351389,120,300351389-120,,
120,300351389,121,300351389-121,,
121,300351389,122,300351389-122,,
122,300351389,123,300351389-123,,
123,300351389,124,300351389-124,,
124,300351389,125,300351389-125,,
125,300351389,126,300351389-126,,
126,300351389,127,300351389-127,,
127,300351389,128,300351389-128,,
128,300351389,129,300351389-129,,
129,300351389,130,300351389-130,,
130,300351389,131,300351389-131,,
131,300351389,132,300351389-132,,
132,300351389,133,300351389-133,,
133,300351389,134,300351389-134,,
134,300351389,135,300351389-135,,
135,300351389,136,300351389-136,,
136,300351389,137,300351389-137,,
137,300351389,138,300351389-138,,
138,300351389,139,300351389-139,,
139,300351389,140,300351389-140,,
140,300351389,141,300351389-141,,
141,300351389,142,300351389-142,,
142,300351389,143,300351389-143,,
143,300351389,144,300351389-144,,
144,300351389,145,300351389-145,,
145,300351389,146,300351389-146,,
146,300351389,147,300351389-147,,
147,300351389,148,300351389-148,,
148,300351389,149,300351389-149,,
149,300351389,150,300351389-150,,
150,300351407,1,300351407-1,,
151,300351407,2,300351407-2,,
152,300351407,3,300351407-3,公告日,平成３０年１月１８日
153,300351407,4,300351407-4,,
154,300351407,5,300351407-5,,
155,300351407,6,300351407-6,,
156,300351407,7,300351407-7,,
157,300351407,8,300351407-8,入札件名,白島国家石油備蓄基地（本土側事務所及び白島展示館）
158,300351407,9,300351407-9,入札件名,高圧電力購入（平成３０年度）
159,300351407,10,300351407-10,,
160,300351407,11,300351407-11,,
161,300351407,12,300351407-12,調達年度;調達終了日;調達開始日,平成３０年;平成３１年３月３１日;平成３０年４月１日
162,300351407,13,300351407-13,都道府県;需要場所(住所),福岡県;福岡県北九州市若松区響町一丁目１０８番
163,300351407,14,300351407-14,施設名,白島国家石油備蓄基地（本土側事務所及び白島展示館）
164,300351407,15,300351407-15,,
165,300351407,16,300351407-16,,
166,300351407,17,300351407-17,,
167,300351407,18,300351407-18,,
168,300351407,19,300351407-19,,
169,300351407,20,300351407-20,,
170,300351407,21,300351407-21,,
171,300351407,22,300351407-22,,
172,300351407,23,300351407-23,,
173,300351407,24,300351407-24,,
174,300351407,25,300351407-25,,
175,300351407,26,300351407-26,,
176,300351407,27,300351407-27,,
177,300351407,28,300351407-28,,
178,300351407,29,300351407-29,,
179,300351407,30,300351407-30,,
180,300351407,31,300351407-31,,
181,300351407,32,300351407-32,,
182,300351407,33,300351407-33,,
183,300351407,34,300351407-34,,
184,300351407,35,300351407-35,,
185,300351407,36,300351407-36,,
186,300351407,37,300351407-37,,
187,300351407,38,300351407-38,,
188,300351407,39,300351407-39,,
189,300351407,40,300351407-40,,
190,300351407,41,300351407-41,,
191,300351407,42,300351407-42,,
192,300351407,43,300351407-43,,
193,300351407,44,300351407-44,,
194,300351407,45,300351407-45,,
195,300351407,46,300351407-46,,
196,300351407,47,300351407-47,,
197,300351407,48,300351407-48,質問箇所所属/担当者,〒105-0001東京都港区虎ノ門二丁目１０番１号
198,300351407,49,300351407-49,質問箇所所属/担当者,独立行政法人石油天然ガス・金属鉱物資源機構
199,300351407,50,300351407-50,質問箇所所属/担当者,石油備蓄部基地管理課若田健次
200,300351407,51,300351407-51,質問箇所TEL/FAX,（電話）０３－６７５８－８５１７
201,300351407,52,300351407-52,質問箇所TEL/FAX,（ＦＡＸ）０３－６７５８－８０６４
202,300351407,53,300351407-53,,
203,300351407,54,300351407-54,,
204,300351407,55,300351407-55,,
205,300351407,56,300351407-56,,
206,300351407,57,300351407-57,,
207,300351407,58,300351407-58,資格申請締切日時,平成３０年２月５日（月）１２時
208,300351407,59,300351407-59,仕様書交付期限,平成３０年２月６日（火）
209,300351407,60,300351407-60,,
210,300351407,61,300351407-61,開札日時,平成３０年２月８日（木）１５時１０分
211,300351407,62,300351407-62,開札場所,東京都港区虎ノ門二丁目１０番１号虎ノ門ツインビルディング
212,300351407,63,300351407-63,開札場所,独立行政法人石油天然ガス・金属鉱物資源機構１３階会議室
213,300351407,64,300351407-64,,
214,300351407,65,300351407-65,,
215,300351407,66,300351407-66,,
216,300351407,67,300351407-67,,
217,300351407,68,300351407-68,,
218,300351407,69,300351407-69,,
219,300351407,70,300351407-70,,
220,300351407,71,300351407-71,,
221,300351407,72,300351407-72,,
222,300351407,73,300351407-73,,
223,300351407,74,300351407-74,,
224,300351407,75,300351407-75,,
225,300351407,76,300351407-76,,
226,300351407,77,300351407-77,,
227,300351407,78,300351407-78,,
228,300351407,79,300351407-79,,
229,300351407,80,300351407-80,,
230,300351407,81,300351407-81,,
231,300351407,82,300351407-82,,
232,300351407,83,300351407-83,,
233,300351407,84,300351407-84,,
234,300351407,85,300351407-85,,
235,300351407,86,300351407-86,,
236,300351407,87,300351407-87,,
237,300351407,88,300351407-88,,
238,300351407,89,300351407-89,,
239,300351407,90,300351407-90,,
240,300351407,91,300351407-91,,
241,300351407,92,300351407-92,,
242,300351407,93,300351407-93,,
243,300351407,94,300351407-94,,
244,300351407,95,300351407-95,,
245,300351407,96,300351407-96,,
246,300351407,97,300351407-97,,
247,300351407,98,300351407-98,,
248,300351407,99,300351407-99,,
249,300351407,100,300351407-100,,
250,300351407,101,300351407-101,,
251,300351407,102,300351407-102,,
252,300351407,103,300351407-103,,
253,300351407,104,300351407-104,,
254,300351407,105,300351407-105,,
255,300351407,106,300351407-106,,
256,300351407,107,300351407-107,,
257,300351407,108,300351407-108,,
258,300351407,109,300351407-109,,
259,300351407,110,300351407-110,,
260,300351407,111,300351407-111,,
261,300351407,112,300351407-112,,
262,300351407,113,300351407-113,,
263,300351407,114,300351407-114,,
264,300351407,115,300351407-115,,
265,300351407,116,300351407-116,,
266,300351407,117,300351407-117,,
267,300351407,118,300351407-118,,
268,300351407,119,300351407-119,,
269,300351407,120,300351407-120,,
270,300351410,1,300351410-1,,
271,300351410,2,300351410-2,,
272,300351410,3,300351410-3,公告日,平成３０年１月１８日
273,300351410,4,300351410-4,,
274,300351410,5,300351410-5,,
275,300351410,6,300351410-6,,
276,300351410,7,300351410-7,,
277,300351410,8,300351410-8,入札件名,上五島国家石油備蓄基地高圧電力購入（平成３０年度）
278,300351410,9,300351410-9,,
279,300351410,10,300351410-10,,
280,300351410,11,300351410-11,調達年度;調達終了日;調達開始日,平成３０年;平成３１年３月３１日;平成３０年４月１日
281,300351410,12,300351410-12,都道府県;需要場所(住所),長崎県;長崎県南松浦郡新上五島町続浜ノ浦郷字折島８１８番４１１
282,300351410,13,300351410-13,施設名,上五島国家石油備蓄基地
283,300351410,14,300351410-14,,
284,300351410,15,300351410-15,,
285,300351410,16,300351410-16,,
286,300351410,17,300351410-17,,
287,300351410,18,300351410-18,,
288,300351410,19,300351410-19,,
289,300351410,20,300351410-20,,
290,300351410,21,300351410-21,,
291,300351410,22,300351410-22,,
292,300351410,23,300351410-23,,
293,300351410,24,300351410-24,,
294,300351410,25,300351410-25,,
295,300351410,26,300351410-26,,
296,300351410,27,300351410-27,,
297,300351410,28,300351410-28,,
298,300351410,29,300351410-29,,
299,300351410,30,300351410-30,,
300,300351410,31,300351410-31,,
301,300351410,32,300351410-32,,
302,300351410,33,300351410-33,,
303,300351410,34,300351410-34,,
304,300351410,35,300351410-35,,
305,300351410,36,300351410-36,,
306,300351410,37,300351410-37,,
307,300351410,38,300351410-38,,
308,300351410,39,300351410-39,,
309,300351410,40,300351410-40,,
310,300351410,41,300351410-41,,
311,300351410,42,300351410-42,,
312,300351410,43,300351410-43,,
313,300351410,44,300351410-44,,
314,300351410,45,300351410-45,,
315,300351410,46,300351410-46,,
316,300351410,47,300351410-47,質問箇所所属/担当者,〒105-0001東京都港区虎ノ門二丁目１０番１号
317,300351410,48,300351410-48,質問箇所所属/担当者,独立行政法人石油天然ガス・金属鉱物資源機構
318,300351410,49,300351410-49,質問箇所所属/担当者,石油備蓄部基地管理課三谷守俊
319,300351410,50,300351410-50,質問箇所TEL/FAX,（電話）０３－６７５８－８５６２
320,300351410,51,300351410-51,質問箇所TEL/FAX,（ＦＡＸ）０３－６７５８－８０６４
321,300351410,52,300351410-52,,
322,300351410,53,300351410-53,,
323,300351410,54,300351410-54,,
324,300351410,55,300351410-55,,
325,300351410,56,300351410-56,,
326,300351410,57,300351410-57,資格申請締切日時,平成３０年２月５日（月）１２時
327,300351410,58,300351410-58,仕様書交付期限,平成３０年２月６日（火）
328,300351410,59,300351410-59,,
329,300351410,60,300351410-60,開札日時,平成３０年２月８日（木）１４時５０分
330,300351410,61,300351410-61,開札場所,東京都港区虎ノ門二丁目１０番１号虎ノ門ツインビルディング
331,300351410,62,300351410-62,開札場所,独立行政法人石油天然ガス・金属鉱物資源機構１３階会議室
332,300351410,63,300351410-63,,
333,300351410,64,300351410-64,,
334,300351410,65,300351410-65,,
335,300351410,66,300351410-66,,
336,300351410,67,300351410-67,,
337,300351410,68,300351410-68,,
338,300351410,69,300351410-69,,
339,300351410,70,300351410-70,,
340,300351410,71,300351410-71,,
341,300351410,72,300351410-72,,
342,300351410,73,300351410-73,,
343,300351410,74,300351410-74,,
344,300351410,75,300351410-75,,
345,300351410,76,300351410-76,,
346,300351410,77,300351410-77,,
347,300351410,78,300351410-78,,
348,300351410,79,300351410-79,,
349,300351410,80,300351410-80,,
350,300351410,81,300351410-81,,
351,300351410,82,300351410-82,,
352,300351410,83,300351410-83,,
353,300351410,84,300351410-84,,
354,300351410,85,300351410-85,,
355,300351410,86,300351410-86,,
356,300351410,87,300351410-87,,
357,300351410,88,300351410-88,,
358,300351410,89,300351410-89,,
359,300351410,90,300351410-90,,
360,300351410,91,300351410-91,,
361,300351410,92,300351410-92,,
362,300351410,93,300351410-93,,
363,300351410,94,300351410-94,,
364,300351410,95,300351410-95,,
365,300351410,96,300351410-96,,
366,300351410,97,300351410-97,,
367,300351410,98,300351410-98,,
368,300351410,99,300351410-99,,
369,300351410,100,300351410-100,,
370,300351410,101,300351410-101,,
371,300351410,102,300351410-102,,
372,300351410,103,300351410-103,,
373,300351410,104,300351410-104,,
374,300351410,105,300351410-105,,
375,300351410,106,300351410-106,,
376,300351410,107,300351410-107,,
377,300351410,108,300351410-108,,
378,300351410,109,300351410-109,,
379,300351410,110,300351410-110,,
380,300351410,111,300351410-111,,
381,300351410,112,300351410-112,,
382,300351410,113,300351410-113,,
383,300351410,114,300351410-114,,
384,300351410,115,300351410-115,,
385,300351410,116,300351410-116,,
386,300351410,117,300351410-117,,
387,300351410,118,300351410-118,,
388,300351410,119,300351410-119,,
389,300351410,120,300351410-120,,
390,300351410,121,300351410-121,,
391,300359885,1,300359885-1,,
392,300359885,2,300359885-2,,
393,300359885,3,300359885-3,公告日,平成３１年１月１８日
394,300359885,4,300359885-4,,
395,300359885,5,300359885-5,,
396,300359885,6,300359885-6,,
397,300359885,7,300359885-7,,
398,300359885,8,300359885-8,入札件名,苫小牧東部国家石油備蓄基地特別高圧電力購入（平成３１年度）
399,300359885,9,300359885-9,,
400,300359885,10,300359885-10,,
401,300359885,11,300359885-11,調達年度;調達終了日;調達開始日,平成３１年;平成３２年３月３１日;平成３１年４月１日
402,300359885,12,300359885-12,都道府県;需要場所(住所),北海道;北海道苫小牧市字静川３０８番地
403,300359885,13,300359885-13,施設名,苫小牧東部国家石油備蓄基地
404,300359885,14,300359885-14,,
405,300359885,15,300359885-15,,
406,300359885,16,300359885-16,,
407,300359885,17,300359885-17,,
408,300359885,18,300359885-18,,
409,300359885,19,300359885-19,,
410,300359885,20,300359885-20,,
411,300359885,21,300359885-21,,
412,300359885,22,300359885-22,,
413,300359885,23,300359885-23,,
414,300359885,24,300359885-24,,
415,300359885,25,300359885-25,,
416,300359885,26,300359885-26,,
417,300359885,27,300359885-27,,
418,300359885,28,300359885-28,,
419,300359885,29,300359885-29,,
420,300359885,30,300359885-30,,
421,300359885,31,300359885-31,,
422,300359885,32,300359885-32,,
423,300359885,33,300359885-33,,
424,300359885,34,300359885-34,,
425,300359885,35,300359885-35,,
426,300359885,36,300359885-36,,
427,300359885,37,300359885-37,,
428,300359885,38,300359885-38,,
429,300359885,39,300359885-39,,
430,300359885,40,300359885-40,,
431,300359885,41,300359885-41,,
432,300359885,42,300359885-42,,
433,300359885,43,300359885-43,,
434,300359885,44,300359885-44,,
435,300359885,45,300359885-45,,
436,300359885,46,300359885-46,,
437,300359885,47,300359885-47,質問箇所所属/担当者,〒105-0001東京都港区虎ノ門二丁目１０番１号
438,300359885,48,300359885-48,質問箇所所属/担当者,独立行政法人石油天然ガス・金属鉱物資源機構
439,300359885,49,300359885-49,質問箇所所属/担当者,石油・石油ガス備蓄部石油基地管理課重森仁美
440,300359885,50,300359885-50,質問箇所TEL/FAX,（電話）０３－６７５８－８１１３
441,300359885,51,300359885-51,質問箇所TEL/FAX,（ＦＡＸ）０３－６７５８－８０６４
442,300359885,52,300359885-52,,
443,300359885,53,300359885-53,,
444,300359885,54,300359885-54,,
445,300359885,55,300359885-55,,
446,300359885,56,300359885-56,,
447,300359885,57,300359885-57,資格申請締切日時,平成３１年２月４日（月）１２時
448,300359885,58,300359885-58,仕様書交付期限,平成３１年２月５日（火）
449,300359885,59,300359885-59,,
450,300359885,60,300359885-60,開札日時,平成３１年２月７日（木）１０時００分
451,300359885,61,300359885-61,開札場所,東京都港区虎ノ門二丁目１０番１号虎ノ門ツインビルディング
452,300359885,62,300359885-62,開札場所,独立行政法人石油天然ガス・金属鉱物資源機構１３階会議室
453,300359885,63,300359885-63,,
454,300359885,64,300359885-64,,
455,300359885,65,300359885-65,,
456,300359885,66,300359885-66,,
457,300359885,67,300359885-67,,
458,300359885,68,300359885-68,,
459,300359885,69,300359885-69,,
460,300359885,70,300359885-70,,
461,300359885,71,300359885-71,,
462,300359885,72,300359885-72,,
463,300359885,73,300359885-73,,
464,300359885,74,300359885-74,,
465,300359885,75,300359885-75,,
466,300359885,76,300359885-76,,
467,300359885,77,300359885-77,,
468,300359885,78,300359885-78,,
469,300359885,79,300359885-79,,
470,300359885,80,300359885-80,,
471,300359885,81,300359885-81,,
472,300359885,82,300359885-82,,
473,300359885,83,300359885-83,,
474,300359885,84,300359885-84,,
475,300359885,85,300359885-85,,
476,300359885,86,300359885-86,,
477,300359885,87,300359885-87,,
478,300359885,88,300359885-88,,
479,300359885,89,300359885-89,,
480,300359885,90,300359885-90,,
481,300359885,91,300359885-91,,
482,300359885,92,300359885-92,,
483,300359885,93,300359885-93,,
484,300359885,94,300359885-94,,
485,300359885,95,300359885-95,,
486,300359885,96,300359885-96,,
487,300359885,97,300359885-97,,
488,300359885,98,300359885-98,,
489,300359885,99,300359885-99,,
490,300359885,100,300359885-100,,
491,300359885,101,300359885-101,,
492,300359885,102,300359885-102,,
493,300359885,103,300359885-103,,
494,300359885,104,300359885-104,,
495,300359885,105,300359885-105,,
496,300359885,106,300359885-106,,
497,300359885,107,300359885-107,,
498,300359885,108,300359885-108,,
499,300359885,109,300359885-109,,
500,300359885,110,300359885-110,,
501,300359885,111,300359885-111,,
502,300359885,112,300359885-112,,
503,300359885,113,300359885-113,,
504,300359885,114,300359885-114,,
505,300359885,115,300359885-115,,
506,300359885,116,300359885-116,,
507,300359885,117,300359885-117,,
508,300359900,1,300359900-1,,
509,300359900,2,300359900-2,,
510,300359900,3,300359900-3,公告日,平成３１年１月１８日
511,300359900,4,300359900-4,,
512,300359900,5,300359900-5,,
513,300359900,6,300359900-6,,
514,300359900,7,300359900-7,,
515,300359900,8,300359900-8,入札件名,菊間国家石油備蓄基地特別高圧電力購入（平成３１年度）
516,300359900,9,300359900-9,,
517,300359900,10,300359900-10,,
518,300359900,11,300359900-11,調達年度;調達終了日;調達開始日,平成３１年;平成３２年３月３１日;平成３１年４月１日
519,300359900,12,300359900-12,都道府県;需要場所(住所),愛媛県今治市菊間町種４６４２番地１;愛媛県今治市菊間町種４６４２番地１
520,300359900,13,300359900-13,施設名,菊間国家石油備蓄基地
521,300359900,14,300359900-14,,
522,300359900,15,300359900-15,,
523,300359900,16,300359900-16,,
524,300359900,17,300359900-17,,
525,300359900,18,300359900-18,,
526,300359900,19,300359900-19,,
527,300359900,20,300359900-20,,
528,300359900,21,300359900-21,,
529,300359900,22,300359900-22,,
530,300359900,23,300359900-23,,
531,300359900,24,300359900-24,,
532,300359900,25,300359900-25,,
533,300359900,26,300359900-26,,
534,300359900,27,300359900-27,,
535,300359900,28,300359900-28,,
536,300359900,29,300359900-29,,
537,300359900,30,300359900-30,,
538,300359900,31,300359900-31,,
539,300359900,32,300359900-32,,
540,300359900,33,300359900-33,,
541,300359900,34,300359900-34,,
542,300359900,35,300359900-35,,
543,300359900,36,300359900-36,,
544,300359900,37,300359900-37,,
545,300359900,38,300359900-38,,
546,300359900,39,300359900-39,,
547,300359900,40,300359900-40,,
548,300359900,41,300359900-41,,
549,300359900,42,300359900-42,,
550,300359900,43,300359900-43,,
551,300359900,44,300359900-44,,
552,300359900,45,300359900-45,,
553,300359900,46,300359900-46,,
554,300359900,47,300359900-47,質問箇所所属/担当者,〒105-0001東京都港区虎ノ門二丁目１０番１号
555,300359900,48,300359900-48,質問箇所所属/担当者,独立行政法人石油天然ガス・金属鉱物資源機構
556,300359900,49,300359900-49,質問箇所所属/担当者,石油・石油ガス備蓄部石油基地管理課秦佐和子
557,300359900,50,300359900-50,質問箇所TEL/FAX,（電話）０３－６７５８－８２１９
558,300359900,51,300359900-51,質問箇所TEL/FAX,（ＦＡＸ）０３－６７５８－８０６４
559,300359900,52,300359900-52,,
560,300359900,53,300359900-53,,
561,300359900,54,300359900-54,,
562,300359900,55,300359900-55,,
563,300359900,56,300359900-56,,
564,300359900,57,300359900-57,資格申請締切日時,平成３１年２月４日（月）１２時
565,300359900,58,300359900-58,仕様書交付期限,平成３1年２月５日（火）
566,300359900,59,300359900-59,,
567,300359900,60,300359900-60,開札日時,平成３１年２月７日（木）１０時２０分
568,300359900,61,300359900-61,開札場所,東京都港区虎ノ門二丁目１０番１号虎ノ門ツインビルディング
569,300359900,62,300359900-62,開札場所,独立行政法人石油天然ガス・金属鉱物資源機構１３階会議室
570,300359900,63,300359900-63,,
571,300359900,64,300359900-64,,
572,300359900,65,300359900-65,,
573,300359900,66,300359900-66,,
574,300359900,67,300359900-67,,
575,300359900,68,300359900-68,,
576,300359900,69,300359900-69,,
577,300359900,70,300359900-70,,
578,300359900,71,300359900-71,,
579,300359900,72,300359900-72,,
580,300359900,73,300359900-73,,
581,300359900,74,300359900-74,,
582,300359900,75,300359900-75,,
583,300359900,76,300359900-76,,
584,300359900,77,300359900-77,,
585,300359900,78,300359900-78,,
586,300359900,79,300359900-79,,
587,300359900,80,300359900-80,,
588,300359900,81,300359900-81,,
589,300359900,82,300359900-82,,
590,300359900,83,300359900-83,,
591,300359900,84,300359900-84,,
592,300359900,85,300359900-85,,
593,300359900,86,300359900-86,,
594,300359900,87,300359900-87,,
595,300359900,88,300359900-88,,
596,300359900,89,300359900-89,,
597,300359900,90,300359900-90,,
598,300359900,91,300359900-91,,
599,300359900,92,300359900-92,,
600,300359900,93,300359900-93,,
601,300359900,94,300359900-94,,
602,300359900,95,300359900-95,,
603,300359900,96,300359900-96,,
604,300359900,97,300359900-97,,
605,300359900,98,300359900-98,,
606,300359900,99,300359900-99,,
607,300359900,100,300359900-100,,
608,300359900,101,300359900-101,,
609,300359900,102,300359900-102,,
610,300359900,103,300359900-103,,
611,300359900,104,300359900-104,,
612,300359900,105,300359900-105,,
613,300359900,106,300359900-106,,
614,300359900,107,300359900-107,,
615,300359900,108,300359900-108,,
616,300359900,109,300359900-109,,
617,300359900,110,300359900-110,,
618,300359900,111,300359900-111,,
619,300359900,112,300359900-112,,
620,300359900,113,300359900-113,,
621,300359900,114,300359900-114,,
622,300359900,115,300359900-115,,
623,300359900,116,300359900-116,,
624,300359900,117,300359900-117,,
625,300359912,1,300359912-1,,
626,300359912,2,300359912-2,,
627,300359912,3,300359912-3,公告日,平成３１年１月１８日
628,300359912,4,300359912-4,,
629,300359912,5,300359912-5,,
630,300359912,6,300359912-6,,
631,300359912,7,300359912-7,,
632,300359912,8,300359912-8,入札件名,志布志国家石油備蓄基地特別高圧電力購入（平成３１年度）
633,300359912,9,300359912-9,,
634,300359912,10,300359912-10,,
635,300359912,11,300359912-11,調達年度;調達終了日;調達開始日,平成３１年;平成３２年３月３１日;平成３１年４月１日
636,300359912,12,300359912-12,都道府県;需要場所(住所),鹿児島県;鹿児島県肝属郡東串良町字新洲崎５０２４番地１
637,300359912,13,300359912-13,施設名,志布志国家石油備蓄基地
638,300359912,14,300359912-14,,
639,300359912,15,300359912-15,,
640,300359912,16,300359912-16,,
641,300359912,17,300359912-17,,
642,300359912,18,300359912-18,,
643,300359912,19,300359912-19,,
644,300359912,20,300359912-20,,
645,300359912,21,300359912-21,,
646,300359912,22,300359912-22,,
647,300359912,23,300359912-23,,
648,300359912,24,300359912-24,,
649,300359912,25,300359912-25,,
650,300359912,26,300359912-26,,
651,300359912,27,300359912-27,,
652,300359912,28,300359912-28,,
653,300359912,29,300359912-29,,
654,300359912,30,300359912-30,,
655,300359912,31,300359912-31,,
656,300359912,32,300359912-32,,
657,300359912,33,300359912-33,,
658,300359912,34,300359912-34,,
659,300359912,35,300359912-35,,
660,300359912,36,300359912-36,,
661,300359912,37,300359912-37,,
662,300359912,38,300359912-38,,
663,300359912,39,300359912-39,,
664,300359912,40,300359912-40,,
665,300359912,41,300359912-41,,
666,300359912,42,300359912-42,,
667,300359912,43,300359912-43,,
668,300359912,44,300359912-44,,
669,300359912,45,300359912-45,,
670,300359912,46,300359912-46,,
671,300359912,47,300359912-47,質問箇所所属/担当者,〒105-0001東京都港区虎ノ門二丁目１０番１号
672,300359912,48,300359912-48,質問箇所所属/担当者,独立行政法人石油天然ガス・金属鉱物資源機構
673,300359912,49,300359912-49,質問箇所所属/担当者,石油・石油ガス備蓄部石油基地管理課東田隆祥
674,300359912,50,300359912-50,質問箇所TEL/FAX,（電話）０３－６７５８－８２１８
675,300359912,51,300359912-51,質問箇所TEL/FAX,（ＦＡＸ）０３－６７５８－８０６４
676,300359912,52,300359912-52,,
677,300359912,53,300359912-53,,
678,300359912,54,300359912-54,,
679,300359912,55,300359912-55,,
680,300359912,56,300359912-56,,
681,300359912,57,300359912-57,資格申請締切日時,平成３１年２月４日（月）１２時
682,300359912,58,300359912-58,仕様書交付期限,平成３１年２月５日（火）
683,300359912,59,300359912-59,,
684,300359912,60,300359912-60,開札日時,平成３１年２月７日（木）１４時３０分
685,300359912,61,300359912-61,開札場所,東京都港区虎ノ門二丁目１０番１号虎ノ門ツインビルディング
686,300359912,62,300359912-62,開札場所,独立行政法人石油天然ガス・金属鉱物資源機構１３階会議室
687,300359912,63,300359912-63,,
688,300359912,64,300359912-64,,
689,300359912,65,300359912-65,,
690,300359912,66,300359912-66,,
691,300359912,67,300359912-67,,
692,300359912,68,300359912-68,,
693,300359912,69,300359912-69,,
694,300359912,70,300359912-70,,
695,300359912,71,300359912-71,,
696,300359912,72,300359912-72,,
697,300359912,73,300359912-73,,
698,300359912,74,300359912-74,,
699,300359912,75,300359912-75,,
700,300359912,76,300359912-76,,
701,300359912,77,300359912-77,,
702,300359912,78,300359912-78,,
703,300359912,79,300359912-79,,
704,300359912,80,300359912-80,,
705,300359912,81,300359912-81,,
706,300359912,82,300359912-82,,
707,300359912,83,300359912-83,,
708,300359912,84,300359912-84,,
709,300359912,85,300359912-85,,
710,300359912,86,300359912-86,,
711,300359912,87,300359912-87,,
712,300359912,88,300359912-88,,
713,300359912,89,300359912-89,,
714,300359912,90,300359912-90,,
715,300359912,91,300359912-91,,
716,300359912,92,300359912-92,,
717,300359912,93,300359912-93,,
718,300359912,94,300359912-94,,
719,300359912,95,300359912-95,,
720,300359912,96,300359912-96,,
721,300359912,97,300359912-97,,
722,300359912,98,300359912-98,,
723,300359912,99,300359912-99,,
724,300359912,100,300359912-100,,
725,300359912,101,300359912-101,,
726,300359912,102,300359912-102,,
727,300359912,103,300359912-103,,
728,300359912,104,300359912-104,,
729,300359912,105,300359912-105,,
730,300359912,106,300359912-106,,
731,300359912,107,300359912-107,,
732,300359912,108,300359912-108,,
733,300359912,109,300359912-109,,
734,300359912,110,300359912-110,,
735,300359912,111,300359912-111,,
736,300359912,112,300359912-112,,
737,300359912,113,300359912-113,,
738,300359912,114,300359912-114,,
739,300359912,115,300359912-115,,
740,300359912,116,300359912-116,,
741,300359912,117,300359912-117,,
742,300364835,1,300364835-1,,
743,300364835,2,300364835-2,,
744,300364835,3,300364835-3,公告日,令和元年11月25日
745,300364835,4,300364835-4,,
746,300364835,5,300364835-5,,
747,300364835,6,300364835-6,,
748,300364835,7,300364835-7,,
749,300364835,8,300364835-8,,
750,300364835,9,300364835-9,入札件名,自然力活用型坑廃水処理調査研究の現地試験に関する電気、計装関連工事
751,300364835,10,300364835-10,,
752,300364835,11,300364835-11,都道府県;需要場所(住所),秋田県;秋田県大館市
753,300364835,12,300364835-12,,
754,300364835,13,300364835-13,,
755,300364835,14,300364835-14,,
756,300364835,15,300364835-15,,
757,300364835,16,300364835-16,,
758,300364835,17,300364835-17,調達終了日;調達開始日,令和2年2月28日;契約締結日
759,300364835,18,300364835-18,,
760,300364835,19,300364835-19,,
761,300364835,20,300364835-20,,
762,300364835,21,300364835-21,,
763,300364835,22,300364835-22,,
764,300364835,23,300364835-23,,
765,300364835,24,300364835-24,,
766,300364835,25,300364835-25,,
767,300364835,26,300364835-26,,
768,300364835,27,300364835-27,,
769,300364835,28,300364835-28,,
770,300364835,29,300364835-29,,
771,300364835,30,300364835-30,,
772,300364835,31,300364835-31,,
773,300364835,32,300364835-32,,
774,300364835,34,300364835-34,,
775,300364835,35,300364835-35,,
776,300364835,36,300364835-36,,
777,300364835,37,300364835-37,,
778,300364835,38,300364835-38,,
779,300364835,39,300364835-39,,
780,300364835,40,300364835-40,,
781,300364835,41,300364835-41,,
782,300364835,42,300364835-42,,
783,300364835,43,300364835-43,,
784,300364835,44,300364835-44,資格申請締切日時,令和元年１２月１６日（月）１７時００分まで
785,300364835,45,300364835-45,,
786,300364835,46,300364835-46,,
787,300364835,47,300364835-47,,
788,300364835,48,300364835-48,,
789,300364835,49,300364835-49,,
790,300364835,50,300364835-50,,
791,300364835,51,300364835-51,,
792,300364835,52,300364835-52,,
793,300364835,53,300364835-53,,
794,300364835,54,300364835-54,,
795,300364835,55,300364835-55,,
796,300364835,56,300364835-56,,
797,300364835,57,300364835-57,,
798,300364835,58,300364835-58,質問箇所所属/担当者,〒105-0001東京都港区虎ノ門二丁目１０番１号
799,300364835,59,300364835-59,資格申請送付先部署/担当者名;質問箇所所属/担当者,独立行政法人石油天然ガス・金属鉱物資源機構;独立行政法人石油天然ガス・金属鉱物資源機構
800,300364835,60,300364835-60,入札書送付先部署/担当者名;資格申請送付先部署/担当者名;質問箇所TEL/FAX;質問箇所所属/担当者,金属環境事業部TEL：03-6758-8032、FAX：03-6758-8062;金属環境事業部TEL：03-6758-8032、FAX：03-6758-8062;金属環境事業部TEL：03-6758-8032、FAX：03-6758-8062;金属環境事業部TEL：03-6758-8032、FAX：03-6758-8062
801,300364835,61,300364835-61,入札書送付先部署/担当者名;資格申請送付先部署/担当者名;質問箇所TEL/FAX;質問箇所所属/担当者,調査技術課濱井昂弥TEL：03-6758-8415;調査技術課濱井昂弥TEL：03-6758-8415;調査技術課濱井昂弥TEL：03-6758-8415;調査技術課濱井昂弥TEL：03-6758-8415
802,300364835,62,300364835-62,入札書送付先部署/担当者名;資格申請送付先部署/担当者名;質問箇所TEL/FAX;質問箇所所属/担当者,青木良介TEL：03-6758-8515;青木良介TEL：03-6758-8515;青木良介TEL：03-6758-8515;青木良介TEL：03-6758-8515
803,300364835,63,300364835-63,,
804,300364835,64,300364835-64,,
805,300364835,65,300364835-65,,
806,300364835,67,300364835-67,仕様書交付期限,令和元年１２月４日（水）１４時００分
807,300364835,68,300364835-68,,
808,300364835,69,300364835-69,,
809,300364835,70,300364835-70,,
810,300364835,71,300364835-71,,
811,300364835,72,300364835-72,,
812,300364835,73,300364835-73,,
813,300364835,74,300364835-74,,
814,300364835,75,300364835-75,,
815,300364835,76,300364835-76,開札日時,令和元年１２月１９日（木）１４時００分～
816,300364835,77,300364835-77,開札場所,〒017-0202秋田県鹿角郡小坂町小坂鉱山字古館９-３
817,300364835,78,300364835-78,開札場所,独立行政法人石油天然ガス・金属鉱物資源機構
818,300364835,79,300364835-79,開札場所,金属資源技術研究所2階会議室
819,300364835,80,300364835-80,,
820,300364835,81,300364835-81,,
821,300364835,82,300364835-82,,
822,300364835,83,300364835-83,,
823,300364835,84,300364835-84,,
824,300364835,85,300364835-85,,
825,300364835,86,300364835-86,,
826,300364835,87,300364835-87,,
827,300364835,88,300364835-88,,
828,300364835,89,300364835-89,,
829,300364835,90,300364835-90,,
830,300364835,91,300364835-91,,
831,300364835,92,300364835-92,,
832,300364835,93,300364835-93,,
833,300364835,94,300364835-94,,
834,300364835,95,300364835-95,,
835,300364835,96,300364835-96,,
836,300364835,97,300364835-97,,
837,300364835,98,300364835-98,,
838,300364835,100,300364835-100,,
839,300364835,101,300364835-101,,
840,300364835,102,300364835-102,,
841,300364835,103,300364835-103,,
842,300364835,104,300364835-104,,
843,300364835,105,300364835-105,,
844,300364835,106,300364835-106,,
845,300364835,107,300364835-107,,
846,300364835,108,300364835-108,,
847,300364835,109,300364835-109,,
848,300364835,110,300364835-110,,
849,300364835,111,300364835-111,,
850,300364835,112,300364835-112,,
851,300364835,113,300364835-113,,
852,300364835,114,300364835-114,,
853,300364835,115,300364835-115,,
854,300364835,116,300364835-116,,
855,300364835,117,300364835-117,,
856,300364835,118,300364835-118,,
857,300364835,119,300364835-119,,
858,300364835,120,300364835-120,,
859,300364835,121,300364835-121,,
860,300364835,122,300364835-122,,
861,300364835,123,300364835-123,,
862,300364835,124,300364835-124,,
863,300364835,125,300364835-125,,
864,300364835,126,300364835-126,,
865,300364835,127,300364835-127,,
866,300364835,128,300364835-128,,
867,300364835,129,300364835-129,,
868,300364835,130,300364835-130,,
869,300364835,131,300364835-131,,
870,300365552,1,300365552-1,,
871,300365552,2,300365552-2,,
872,300365552,3,300365552-3,公告日,令和2年1月15日
873,300365552,4,300365552-4,,
874,300365552,5,300365552-5,,
875,300365552,6,300365552-6,,
876,300365552,7,300365552-7,,
877,300365552,8,300365552-8,入札件名,２０２０年度柏崎テストフィールド電力購入
878,300365552,9,300365552-9,,
879,300365552,10,300365552-10,,
880,300365552,11,300365552-11,都道府県;需要場所(住所),新潟県;新潟県柏崎市大字平井690番地
881,300365552,12,300365552-12,施設名,独立行政法人石油天然ガス・金属鉱物資源機構柏崎テストフィールド
882,300365552,13,300365552-13,,
883,300365552,14,300365552-14,,
884,300365552,15,300365552-15,,
885,300365552,16,300365552-16,調達年度;調達終了日;調達開始日,２０２０年;２０２１年３月３１日;２０２０年４月１日
886,300365552,17,300365552-17,,
887,300365552,18,300365552-18,,
888,300365552,19,300365552-19,,
889,300365552,20,300365552-20,,
890,300365552,21,300365552-21,,
891,300365552,22,300365552-22,,
892,300365552,23,300365552-23,,
893,300365552,24,300365552-24,,
894,300365552,25,300365552-25,,
895,300365552,26,300365552-26,,
896,300365552,27,300365552-27,,
897,300365552,28,300365552-28,,
898,300365552,29,300365552-29,,
899,300365552,30,300365552-30,,
900,300365552,31,300365552-31,,
901,300365552,32,300365552-32,,
902,300365552,33,300365552-33,,
903,300365552,34,300365552-34,,
904,300365552,35,300365552-35,,
905,300365552,36,300365552-36,,
906,300365552,37,300365552-37,,
907,300365552,38,300365552-38,,
908,300365552,39,300365552-39,,
909,300365552,40,300365552-40,,
910,300365552,41,300365552-41,,
911,300365552,42,300365552-42,,
912,300365552,43,300365552-43,,
913,300365552,44,300365552-44,,
914,300365552,45,300365552-45,,
915,300365552,46,300365552-46,,
916,300365552,47,300365552-47,,
917,300365552,48,300365552-48,,
918,300365552,49,300365552-49,,
919,300365552,50,300365552-50,,
920,300365552,51,300365552-51,,
921,300365552,52,300365552-52,,
922,300365552,53,300365552-53,,
923,300365552,54,300365552-54,入札書送付先;資格申請送付先;質問箇所所属/担当者,〒261-0025千葉県千葉市美浜区浜田一丁目2番2号;〒261-0025千葉県千葉市美浜区浜田一丁目2番2号;〒261-0025千葉県千葉市美浜区浜田一丁目2番2号
924,300365552,55,300365552-55,入札書送付先部署/担当者名;資格申請送付先部署/担当者名;質問箇所所属/担当者,独立行政法人石油天然ガス・金属鉱物資源機構;独立行政法人石油天然ガス・金属鉱物資源機構;独立行政法人石油天然ガス・金属鉱物資源機構
925,300365552,56,300365552-56,質問箇所所属/担当者,石油天然ガス開発技術本部管理・研修部管理課（担当：太田、瀬沼）
926,300365552,57,300365552-57,質問箇所TEL/FAX,Tel:043-276-4300E-mail:trc-nyuusatsu30@jogmec.go.jp
927,300365552,58,300365552-58,,
928,300365552,59,300365552-59,仕様書交付期限;入札書締切日時,令和2年2月4日;令和2年2月4
929,300365552,62,300365552-62,,
930,300365552,63,300365552-63,資格申請締切日時,令和2年2月17日（月）15時00分
931,300365552,64,300365552-64,,
932,300365552,65,300365552-65,,
933,300365552,66,300365552-66,,
934,300365552,67,300365552-67,開札日時,令和2年2月20日（木）10時30分
935,300365552,68,300365552-68,開札場所,〒261-0025千葉県千葉市美浜区浜田一丁目2番2号
936,300365552,69,300365552-69,開札場所,独立行政法人石油天然ガス・金属鉱物資源機構技術センター
937,300365552,70,300365552-70,,
938,300365552,71,300365552-71,,
939,300365552,72,300365552-72,,
940,300365552,73,300365552-73,,
941,300365552,74,300365552-74,,
942,300365552,75,300365552-75,,
943,300365552,76,300365552-76,,
944,300365552,77,300365552-77,,
945,300365552,78,300365552-78,,
946,300365552,79,300365552-79,,
947,300365552,80,300365552-80,,
948,300365552,81,300365552-81,,
949,300365552,82,300365552-82,,
950,300365552,83,300365552-83,,
951,300365552,84,300365552-84,,
952,300365552,85,300365552-85,,
953,300365552,86,300365552-86,,
954,300365552,87,300365552-87,,
955,300365552,88,300365552-88,,
956,300365552,89,300365552-89,,
957,300365552,90,300365552-90,,
958,300365552,91,300365552-91,,
959,300365552,92,300365552-92,,
960,300365552,93,300365552-93,,
961,300365552,94,300365552-94,,
962,300365552,95,300365552-95,,
963,300365552,96,300365552-96,,
964,300365552,97,300365552-97,,
965,300365552,98,300365552-98,,
966,300365552,99,300365552-99,,
967,300365552,100,300365552-100,,
968,300365552,101,300365552-101,,
969,300365552,102,300365552-102,,
970,300365552,103,300365552-103,,
971,300365552,104,300365552-104,,
972,300365552,105,300365552-105,,
973,300365552,106,300365552-106,,
974,300365552,107,300365552-107,,
975,300365552,108,300365552-108,,
976,300365552,109,300365552-109,,
977,300365552,110,300365552-110,,
978,300365552,111,300365552-111,,
979,300365552,112,300365552-112,,
980,300365552,113,300365552-113,,
981,300365552,114,300365552-114,,
982,300365552,115,300365552-115,,
983,300365552,116,300365552-116,,
984,300365552,117,300365552-117,,
985,300365552,118,300365552-118,,
986,300365552,119,300365552-119,,
987,300365552,120,300365552-120,,
988,300365552,121,300365552-121,,
989,300365552,122,300365552-122,,
990,300365619,1,300365619-1,,
991,300365619,2,300365619-2,,
992,300365619,3,300365619-3,公告日,令和２年１月２１日
993,300365619,4,300365619-4,,
994,300365619,5,300365619-5,,
995,300365619,6,300365619-6,,
996,300365619,7,300365619-7,,
997,300365619,8,300365619-8,入札件名,白島国家石油備蓄基地（本土側事務所及び白島展示館）
998,300365619,9,300365619-9,入札件名,高圧電力購入（令和２年度）
999,300365619,10,300365619-10,,
1000,300365619,11,300365619-11,,
1001,300365619,12,300365619-12,調達年度;調達終了日;調達開始日,令和２年;令和３年３月３１日;令和２年４月１日
1002,300365619,13,300365619-13,都道府県;需要場所(住所),福岡県;福岡県北九州市若松区響町一丁目１０８番
1003,300365619,14,300365619-14,施設名,白島国家石油備蓄基地（本土側事務所及び白島展示館）
1004,300365619,15,300365619-15,,
1005,300365619,16,300365619-16,,
1006,300365619,17,300365619-17,,
1007,300365619,18,300365619-18,,
1008,300365619,19,300365619-19,,
1009,300365619,20,300365619-20,,
1010,300365619,21,300365619-21,,
1011,300365619,22,300365619-22,,
1012,300365619,23,300365619-23,,
1013,300365619,24,300365619-24,,
1014,300365619,25,300365619-25,,
1015,300365619,26,300365619-26,,
1016,300365619,27,300365619-27,,
1017,300365619,28,300365619-28,,
1018,300365619,29,300365619-29,,
1019,300365619,30,300365619-30,,
1020,300365619,31,300365619-31,,
1021,300365619,32,300365619-32,,
1022,300365619,33,300365619-33,,
1023,300365619,34,300365619-34,,
1024,300365619,35,300365619-35,,
1025,300365619,36,300365619-36,,
1026,300365619,37,300365619-37,,
1027,300365619,38,300365619-38,,
1028,300365619,39,300365619-39,,
1029,300365619,40,300365619-40,,
1030,300365619,41,300365619-41,,
1031,300365619,42,300365619-42,,
1032,300365619,43,300365619-43,,
1033,300365619,44,300365619-44,,
1034,300365619,45,300365619-45,,
1035,300365619,46,300365619-46,,
1036,300365619,47,300365619-47,,
1037,300365619,48,300365619-48,,
1038,300365619,49,300365619-49,,
1039,300365619,50,300365619-50,,
1040,300365619,51,300365619-51,,
1041,300365619,52,300365619-52,,
1042,300365619,53,300365619-53,,
1043,300365619,54,300365619-54,,
1044,300365619,55,300365619-55,,
1045,300365619,56,300365619-56,質問箇所所属/担当者,〒105-0001東京都港区虎ノ門二丁目１０番１号
1046,300365619,57,300365619-57,質問箇所所属/担当者,独立行政法人石油天然ガス・金属鉱物資源機構
1047,300365619,58,300365619-58,質問箇所所属/担当者,石油・石油ガス備蓄部石油基地管理課佐藤勇二
1048,300365619,59,300365619-59,質問箇所TEL/FAX,（電話）０３－６７５８－８５１３
1049,300365619,60,300365619-60,質問箇所TEL/FAX,（ＦＡＸ）０３－６７５８－８０６４
1050,300365619,61,300365619-61,,
1051,300365619,62,300365619-62,,
1052,300365619,63,300365619-63,,
1053,300365619,64,300365619-64,,
1054,300365619,65,300365619-65,,
1055,300365619,66,300365619-66,資格申請締切日時,令和２年２月１０日（月）１２時
1056,300365619,67,300365619-67,仕様書交付期限,令和２年２月１２日（水）
1057,300365619,68,300365619-68,,
1058,300365619,69,300365619-69,開札日時,令和２年２月１４日（金）１４時１０分
1059,300365619,70,300365619-70,開札場所,東京都港区虎ノ門二丁目１０番１号虎ノ門ツインビルディング
1060,300365619,71,300365619-71,開札場所,独立行政法人石油天然ガス・金属鉱物資源機構１９階会議室
1061,300365619,72,300365619-72,,
1062,300365619,73,300365619-73,,
1063,300365619,74,300365619-74,,
1064,300365619,75,300365619-75,,
1065,300365619,76,300365619-76,,
1066,300365619,77,300365619-77,,
1067,300365619,78,300365619-78,,
1068,300365619,79,300365619-79,,
1069,300365619,80,300365619-80,,
1070,300365619,81,300365619-81,,
1071,300365619,82,300365619-82,,
1072,300365619,83,300365619-83,,
1073,300365619,84,300365619-84,,
1074,300365619,85,300365619-85,,
1075,300365619,86,300365619-86,,
1076,300365619,87,300365619-87,,
1077,300365619,88,300365619-88,,
1078,300365619,89,300365619-89,,
1079,300365619,90,300365619-90,,
1080,300365619,91,300365619-91,,
1081,300365619,92,300365619-92,,
1082,300365619,93,300365619-93,,
1083,300365619,94,300365619-94,,
1084,300365619,95,300365619-95,,
1085,300365619,96,300365619-96,,
1086,300365619,97,300365619-97,,
1087,300365619,98,300365619-98,,
1088,300365619,99,300365619-99,,
1089,300365619,100,300365619-100,,
1090,300365619,101,300365619-101,,
1091,300365619,102,300365619-102,,
1092,300365619,103,300365619-103,,
1093,300365619,104,300365619-104,,
1094,300365619,105,300365619-105,,
1095,300365619,106,300365619-106,,
1096,300365619,107,300365619-107,,
1097,300365619,108,300365619-108,,
1098,300365619,109,300365619-109,,
1099,300365619,110,300365619-110,,
1100,300365619,111,300365619-111,,
1101,300365619,112,300365619-112,,
1102,300365619,113,300365619-113,,
1103,300365619,114,300365619-114,,
1104,300365619,115,300365619-115,,
1105,300365619,116,300365619-116,,
1106,300365619,117,300365619-117,,
1107,300365619,118,300365619-118,,
1108,300365619,119,300365619-119,,
1109,300365619,120,300365619-120,,
1110,300365619,121,300365619-121,,
1111,300365619,122,300365619-122,,
1112,300365619,123,300365619-123,,
1113,300365619,124,300365619-124,,
1114,300365619,125,300365619-125,,
1115,300365639,1,300365639-1,,
1116,300365639,2,300365639-2,,
1117,300365639,3,300365639-3,公告日,令和2年1月22日
1118,300365639,4,300365639-4,,
1119,300365639,5,300365639-5,,
1120,300365639,6,300365639-6,,
1121,300365639,7,300365639-7,,
1122,300365639,8,300365639-8,入札件名,令和2年度海外支所等への書類等の運送に係る単価契約
1123,300365639,9,300365639-9,,
1124,300365639,10,300365639-10,,
1125,300365639,11,300365639-11,,
1126,300365639,12,300365639-12,,
1127,300365639,13,300365639-13,調達年度;調達終了日;調達開始日,令和2年;令和3年3月31日;令和2年4月1日
1128,300365639,14,300365639-14,,
1129,300365639,15,300365639-15,,
1130,300365639,16,300365639-16,,
1131,300365639,17,300365639-17,,
1132,300365639,18,300365639-18,,
1133,300365639,19,300365639-19,,
1134,300365639,20,300365639-20,,
1135,300365639,21,300365639-21,,
1136,300365639,22,300365639-22,,
1137,300365639,23,300365639-23,,
1138,300365639,24,300365639-24,,
1139,300365639,25,300365639-25,,
1140,300365639,26,300365639-26,,
1141,300365639,27,300365639-27,,
1142,300365639,28,300365639-28,,
1143,300365639,29,300365639-29,,
1144,300365639,30,300365639-30,,
1145,300365639,31,300365639-31,,
1146,300365639,32,300365639-32,,
1147,300365639,33,300365639-33,,
1148,300365639,34,300365639-34,,
1149,300365639,35,300365639-35,,
1150,300365639,36,300365639-36,,
1151,300365639,37,300365639-37,,
1152,300365639,38,300365639-38,,
1153,300365639,39,300365639-39,,
1154,300365639,40,300365639-40,,
1155,300365639,41,300365639-41,,
1156,300365639,42,300365639-42,,
1157,300365639,43,300365639-43,,
1158,300365639,44,300365639-44,資格申請締切日時,令和2年2月27日(木)12時00分まで
1159,300365639,45,300365639-45,,
1160,300365639,46,300365639-46,,
1161,300365639,47,300365639-47,,
1162,300365639,48,300365639-48,入札書送付先;資格申請送付先;質問箇所所属/担当者,〒105-0001東京都港区虎ノ門二丁目１０番１号;〒105-0001東京都港区虎ノ門二丁目１０番１号;〒105-0001東京都港区虎ノ門二丁目１０番１号
1163,300365639,49,300365639-49,入札書送付先部署/担当者名;資格申請送付先部署/担当者名;質問箇所所属/担当者,独立行政法人石油天然ガス・金属鉱物資源機構;独立行政法人石油天然ガス・金属鉱物資源機構;独立行政法人石油天然ガス・金属鉱物資源機構
1164,300365639,50,300365639-50,入札書送付先部署/担当者名;資格申請送付先部署/担当者名;質問箇所所属/担当者,総務部管理課鈴木三恵;総務部管理課鈴木三恵;総務部管理課鈴木三恵
1165,300365639,51,300365639-51,,
1166,300365639,52,300365639-52,質問箇所TEL/FAX,Tel03-6758-8121Fax03-6758-8087
1167,300365639,53,300365639-53,,
1168,300365639,54,300365639-54,仕様書交付期限,令和2年2月26日(水)
1169,300365639,55,300365639-55,入札書締切日時,16時
1170,300365639,56,300365639-56,,
1171,300365639,57,300365639-57,,
1172,300365639,58,300365639-58,質問票締切日時,令和2年2月27日(木)12時00分
1173,300365639,59,300365639-59,,
1174,300365639,60,300365639-60,,
1175,300365639,61,300365639-61,入札書締切日時;開札日時,令和2年3月2日(月)14時00分;令和2年3月2日(月)14時00分
1176,300365639,62,300365639-62,開札場所,〒105-0001東京都港区虎ノ門二丁目10番1号
1177,300365639,63,300365639-63,開札場所,独立行政法人石油天然ガス・金属鉱物資源機構２階C会議室
1178,300365639,64,300365639-64,,
1179,300365639,65,300365639-65,,
1180,300365639,66,300365639-66,,
1181,300365639,67,300365639-67,,
1182,300365639,68,300365639-68,,
1183,300365639,69,300365639-69,,
1184,300365639,70,300365639-70,,
1185,300365639,71,300365639-71,,
1186,300365639,72,300365639-72,,
1187,300365639,73,300365639-73,,
1188,300365639,74,300365639-74,,
1189,300365639,75,300365639-75,,
1190,300365639,76,300365639-76,,
1191,300365639,77,300365639-77,,
1192,300365639,78,300365639-78,,
1193,300365639,79,300365639-79,,
1194,300365639,80,300365639-80,,
1195,300365639,81,300365639-81,,
1196,300365639,82,300365639-82,,
1197,300365639,83,300365639-83,,
1198,300365639,84,300365639-84,,
1199,300365639,85,300365639-85,,
1200,300365639,86,300365639-86,,
1201,300365639,87,300365639-87,,
1202,300365639,88,300365639-88,,
1203,300365639,89,300365639-89,,
1204,300365639,90,300365639-90,,
1205,300365639,91,300365639-91,,
1206,300365639,92,300365639-92,,
1207,300365639,93,300365639-93,,
1208,300365639,94,300365639-94,,
1209,300365639,95,300365639-95,,
1210,300365639,96,300365639-96,,
1211,300365639,97,300365639-97,,
1212,300365639,98,300365639-98,,
1213,300365639,99,300365639-99,,
1214,300365639,100,300365639-100,,
1215,300365639,101,300365639-101,,
1216,300365639,102,300365639-102,,
1217,300365639,103,300365639-103,,
1218,300365639,104,300365639-104,,
1219,300365639,105,300365639-105,,
1220,300365639,106,300365639-106,,
1221,300365639,107,300365639-107,,
1222,300365639,108,300365639-108,,
1223,300365639,109,300365639-109,,
1224,300365639,110,300365639-110,,
1225,300365639,111,300365639-111,,
1226,300365862,1,300365862-1,,
1227,300365862,2,300365862-2,,
1228,300365862,3,300365862-3,公告日,令和２年２月５日
1229,300365862,4,300365862-4,,
1230,300365862,5,300365862-5,,
1231,300365862,6,300365862-6,,
1232,300365862,7,300365862-7,入札件名,海外安全教育業務
1233,300365862,8,300365862-8,質問箇所所属/担当者,（２）内容独立行政法人石油天然ガス・金属鉱物資源機構の役職員の安全教育契約
1234,300365862,9,300365862-9,,
1235,300365862,10,300365862-10,調達年度;調達終了日;調達開始日,令和２年;令和３年３月３１日;令和２年４月１日
1236,300365862,11,300365862-11,,
1237,300365862,12,300365862-12,,
1238,300365862,13,300365862-13,,
1239,300365862,14,300365862-14,,
1240,300365862,15,300365862-15,,
1241,300365862,16,300365862-16,,
1242,300365862,17,300365862-17,,
1243,300365862,18,300365862-18,,
1244,300365862,19,300365862-19,,
1245,300365862,20,300365862-20,,
1246,300365862,21,300365862-21,,
1247,300365862,22,300365862-22,,
1248,300365862,23,300365862-23,,
1249,300365862,24,300365862-24,,
1250,300365862,25,300365862-25,,
1251,300365862,26,300365862-26,,
1252,300365862,27,300365862-27,,
1253,300365862,28,300365862-28,,
1254,300365862,29,300365862-29,,
1255,300365862,30,300365862-30,,
1256,300365862,31,300365862-31,,
1257,300365862,32,300365862-32,,
1258,300365862,33,300365862-33,,
1259,300365862,34,300365862-34,,
1260,300365862,35,300365862-35,資格申請締切日時,令和２年２月２１日（金）１２：００まで
1261,300365862,36,300365862-36,,
1262,300365862,37,300365862-37,,
1263,300365862,38,300365862-38,資格申請締切日時,令和２年２月２６日（火）１２時００分
1264,300365862,39,300365862-39,,
1265,300365862,40,300365862-40,,
1266,300365862,41,300365862-41,,
1267,300365862,42,300365862-42,仕様書交付期限,令和２年２月２０日（木）１２時００分
1268,300365862,43,300365862-43,入札書送付先;資格申請送付先;質問箇所所属/担当者;開札場所,〒105-0001東京都港区虎ノ門二丁目１０番１号虎ノ門ツインビルディング;〒105-0001東京都港区虎ノ門二丁目１０番１号虎ノ門ツインビルディング;〒105-0001東京都港区虎ノ門二丁目１０番１号虎ノ門ツインビルディング;〒
1269,300365862,44,300365862-44,入札書送付先部署/担当者名;資格申請送付先部署/担当者名;質問箇所所属/担当者,独立行政法人石油天然ガス・金属鉱物資源機構;独立行政法人石油天然ガス・金属鉱物資源機構;独立行政法人石油天然ガス・金属鉱物資源機構
1270,300365862,45,300365862-45,入札書送付先部署/担当者名;資格申請送付先部署/担当者名;質問箇所所属/担当者,総務部管理課神保、前田Email：anzen@jogmec.go.jp;総務部管理課神保、前田Email：anzen@jogmec.go.jp;総務部管理課神保、前田Email：anzen@jogmec.go.jp
1271,300365862,46,300365862-46,,
1272,300365862,47,300365862-47,,
1273,300365862,48,300365862-48,,
1274,300365862,49,300365862-49,入札書締切日時;開札日時,令和２年３月２日（月）１５時００分;令和２年３月２日（月）１５時００分
1275,300365862,50,300365862-50,開札場所,〒105-0001東京都港区虎ノ門二丁目10番1号虎ノ門ツインビルディング
1276,300365862,51,300365862-51,開札場所,独立行政法人石油天然ガス・金属鉱物資源機構２階会議室
1277,300365862,52,300365862-52,,
1278,300365862,53,300365862-53,,
1279,300365862,54,300365862-54,,
1280,300365862,55,300365862-55,,
1281,300365862,56,300365862-56,,
1282,300365862,57,300365862-57,,
1283,300365862,58,300365862-58,,
1284,300365862,59,300365862-59,,
1285,300365862,60,300365862-60,,
1286,300365862,61,300365862-61,,
1287,300365862,62,300365862-62,,
1288,300365862,63,300365862-63,,
1289,300365862,64,300365862-64,,
1290,300365862,65,300365862-65,,
1291,300365862,66,300365862-66,,
1292,300365862,67,300365862-67,,
1293,300365862,68,300365862-68,,
1294,300365862,69,300365862-69,,
1295,300365862,70,300365862-70,,
1296,300365862,71,300365862-71,,
1297,300365862,72,300365862-72,,
1298,300365862,73,300365862-73,,
1299,300365862,74,300365862-74,,
1300,300365862,75,300365862-75,,
1301,300365862,76,300365862-76,,
1302,300365862,77,300365862-77,,
1303,300365862,78,300365862-78,,
1304,300365862,79,300365862-79,,
1305,300365862,80,300365862-80,,
1306,300365862,81,300365862-81,,
1307,300365862,82,300365862-82,,
1308,300365862,83,300365862-83,,
1309,300365862,84,300365862-84,,
1310,300365862,85,300365862-85,,
1311,300365862,86,300365862-86,,
1312,300365862,87,300365862-87,,
1313,300365875,1,300365875-1,,
1314,300365875,2,300365875-2,,
1315,300365875,3,300365875-3,公告日,令和２年２月１４日
1316,300365875,4,300365875-4,,
1317,300365875,5,300365875-5,,
1318,300365875,6,300365875-6,,
1319,300365875,7,300365875-7,,
1320,300365875,8,300365875-8,,
1321,300365875,9,300365875-9,入札件名,統合仮想化基盤サーバの導入
1322,300365875,10,300365875-10,,
1323,300365875,11,300365875-11,施設名,仮想化基盤管理
1324,300365875,12,300365875-12,,
1325,300365875,13,300365875-13,,
1326,300365875,14,300365875-14,調達終了日,令和２年７月３１日
1327,300365875,15,300365875-15,施設名,独立行政法人石油天然ガス・金属鉱物資源機構本部
1328,300365875,16,300365875-16,施設名;都道府県;需要場所(住所),天然ガス金属鉱物資源機構;東京都港;東京都港区虎ノ門二丁目1０番1号虎ノ門ツインビルディング
1329,300365875,17,300365875-17,,
1330,300365875,18,300365875-18,,
1331,300365875,19,300365875-19,,
1332,300365875,20,300365875-20,,
1333,300365875,21,300365875-21,,
1334,300365875,22,300365875-22,,
1335,300365875,23,300365875-23,,
1336,300365875,24,300365875-24,,
1337,300365875,25,300365875-25,,
1338,300365875,26,300365875-26,,
1339,300365875,27,300365875-27,,
1340,300365875,28,300365875-28,,
1341,300365875,29,300365875-29,,
1342,300365875,30,300365875-30,,
1343,300365875,31,300365875-31,,
1344,300365875,32,300365875-32,仕様書交付期限,和2年3
1345,300365875,33,300365875-33,,
1346,300365875,34,300365875-34,,
1347,300365875,35,300365875-35,,
1348,300365875,36,300365875-36,,
1349,300365875,37,300365875-37,,
1350,300365875,38,300365875-38,入札書送付先;資格申請送付先;質問箇所所属/担当者,〒105-0001;〒105-0001;〒105-0001
1351,300365875,39,300365875-39,入札書送付先;資格申請送付先;質問箇所所属/担当者,東京都港区虎ノ門二丁目１０番１号虎ノ門ツインビルディング;東京都港区虎ノ門二丁目１０番１号虎ノ門ツインビルディング;東京都港区虎ノ門二丁目１０番１号虎ノ門ツインビルディング
1352,300365875,40,300365875-40,入札書送付先部署/担当者名;資格申請送付先部署/担当者名;質問箇所所属/担当者,独立行政法人石油天然ガス・金属鉱物資源機構;独立行政法人石油天然ガス・金属鉱物資源機構;独立行政法人石油天然ガス・金属鉱物資源機構
1353,300365875,41,300365875-41,質問箇所所属/担当者,総務部情報システム課今関
1354,300365875,42,300365875-42,質問箇所TEL/FAX,Tel03-6758-8688Fax03-6758-8055
1355,300365875,43,300365875-43,,
1356,300365875,44,300365875-44,,
1357,300365875,45,300365875-45,,
1358,300365875,46,300365875-46,,
1359,300365875,47,300365875-47,,
1360,300365875,48,300365875-48,入札書送付先;資格申請送付先,上記３（１）の１６Ｇ会議室;上記３（１）の１６Ｇ会議室
1361,300365875,49,300365875-49,,
1362,300365875,50,300365875-50,,
1363,300365875,51,300365875-51,入札書締切日時;入札書送付先;開札日時,令和２年４月１３日（月）１５時００分;令和２年４月１３日（月）１５時００分;令和２年４月１３日（月）１５時００分
1364,300365875,52,300365875-52,入札書送付先;開札場所,上記３（１）の１９Ａ会議室;上記３（１）の１９Ａ会議室
1365,300365875,53,300365875-53,,
1366,300365875,54,300365875-54,,
1367,300365875,55,300365875-55,,
1368,300365875,56,300365875-56,,
1369,300365875,57,300365875-57,,
1370,300365875,58,300365875-58,,
1371,300365875,59,300365875-59,,
1372,300365875,60,300365875-60,,
1373,300365875,61,300365875-61,,
1374,300365875,62,300365875-62,,
1375,300365875,63,300365875-63,,
1376,300365875,64,300365875-64,,
1377,300365875,65,300365875-65,,
1378,300365875,66,300365875-66,,
1379,300365875,67,300365875-67,,
1380,300365875,68,300365875-68,,
1381,300365875,69,300365875-69,,
1382,300365875,70,300365875-70,,
1383,300365875,71,300365875-71,,
1384,300365875,72,300365875-72,,
1385,300365875,73,300365875-73,,
1386,300365875,74,300365875-74,,
1387,300365875,75,300365875-75,,
1388,300365875,76,300365875-76,,
1389,300365875,77,300365875-77,,
1390,300365875,78,300365875-78,,
1391,300365875,79,300365875-79,,
1392,300365875,80,300365875-80,,
1393,300365875,81,300365875-81,,
1394,300365875,82,300365875-82,,
1395,300365875,83,300365875-83,,
1396,300365875,84,300365875-84,,
1397,300365875,85,300365875-85,,
1398,300365875,86,300365875-86,,
1399,300365875,87,300365875-87,,
1400,300365875,88,300365875-88,,
1401,300365875,89,300365875-89,,
1402,300365875,90,300365875-90,,
1403,300365875,91,300365875-91,,
1404,300365875,92,300365875-92,,
1405,300365875,93,300365875-93,,
1406,300366032,1,300366032-1,,
1407,300366032,2,300366032-2,,
1408,300366032,3,300366032-3,公告日,令和２年２月１７日
1409,300366032,4,300366032-4,,
1410,300366032,5,300366032-5,,
1411,300366032,6,300366032-6,,
1412,300366032,7,300366032-7,入札件名,令和2年度旧松岡炭鉱坑廃水処理施設に係る産業廃棄物収集運搬業務
1413,300366032,8,300366032-8,入札件名,)産業廃棄物の収集運搬
1414,300366032,9,300366032-9,調達年度;調達終了日;調達開始日,令和2年;令和3年3月31日;令和2年4月1日
1415,300366032,10,300366032-10,施設名,旧松岡炭鉱坑廃水処理施設から産廃処分場
1416,300366032,11,300366032-11,施設名,独立行政法人石油天然ガス・金属鉱物資源機構指定
1417,300366032,12,300366032-12,,
1418,300366032,13,300366032-13,,
1419,300366032,14,300366032-14,,
1420,300366032,15,300366032-15,,
1421,300366032,16,300366032-16,,
1422,300366032,17,300366032-17,,
1423,300366032,18,300366032-18,,
1424,300366032,19,300366032-19,,
1425,300366032,20,300366032-20,,
1426,300366032,21,300366032-21,,
1427,300366032,22,300366032-22,,
1428,300366032,23,300366032-23,,
1429,300366032,24,300366032-24,,
1430,300366032,25,300366032-25,,
1431,300366032,26,300366032-26,,
1432,300366032,27,300366032-27,,
1433,300366032,28,300366032-28,,
1434,300366032,29,300366032-29,,
1435,300366032,30,300366032-30,,
1436,300366032,31,300366032-31,,
1437,300366032,32,300366032-32,,
1438,300366032,33,300366032-33,質問箇所所属/担当者,市、豊前市、行橋市、宮若市、遠賀郡芦屋町、岡垣町、遠賀町、水巻町、鞍手郡鞍手
1439,300366032,34,300366032-34,質問箇所所属/担当者,町、小竹町、田川郡福智町、糸田町、香春町、大任町、川崎町、添田町、赤村、嘉穂
1440,300366032,35,300366032-35,質問箇所所属/担当者,郡桂川町、京都郡苅田町、みやこ町、築上郡築上町、上毛町又は吉富町に業務範囲及
1441,300366032,36,300366032-36,,
1442,300366032,37,300366032-37,,
1443,300366032,38,300366032-38,,
1444,300366032,39,300366032-39,,
1445,300366032,40,300366032-40,,
1446,300366032,41,300366032-41,,
1447,300366032,42,300366032-42,,
1448,300366032,43,300366032-43,,
1449,300366032,44,300366032-44,,
1450,300366032,45,300366032-45,,
1451,300366032,46,300366032-46,,
1452,300366032,47,300366032-47,,
1453,300366032,48,300366032-48,,
1454,300366032,49,300366032-49,入札書送付先;資格申請送付先;質問箇所所属/担当者,〒812-0011;〒812-0011;〒812-0011
1455,300366032,50,300366032-50,入札書送付先;資格申請送付先;質問箇所所属/担当者,福岡県福岡市博多区博多駅前二丁目19番24号大博センタービル10階;福岡県福岡市博多区博多駅前二丁目19番24号大博センタービル10階;福岡県福岡市博多区博多駅前二丁目19番24号大博センタービル10階
1456,300366032,51,300366032-51,入札書送付先部署/担当者名;資格申請送付先部署/担当者名;質問箇所所属/担当者,独立行政法人石油天然ガス・金属鉱物資源機構;独立行政法人石油天然ガス・金属鉱物資源機構;独立行政法人石油天然ガス・金属鉱物資源機構
1457,300366032,52,300366032-52,入札書送付先部署/担当者名;資格申請送付先部署/担当者名;質問箇所所属/担当者,九州支部総務部契約課野田、江口;九州支部総務部契約課野田、江口;九州支部総務部契約課野田、江口
1458,300366032,53,300366032-53,質問箇所TEL/FAX,Tel092-411-7832Fax092-471-6975
1459,300366032,54,300366032-54,,
1460,300366032,55,300366032-55,,
1461,300366032,56,300366032-56,,
1462,300366032,57,300366032-57,,
1463,300366032,58,300366032-58,,
1464,300366032,59,300366032-59,,
1465,300366032,60,300366032-60,質問箇所所属/担当者,独立行政法人石油天然ガス・金属鉱物資源機構
1466,300366032,61,300366032-61,質問箇所所属/担当者,九州支部石炭業務部管理第2課藤井、緒方
1467,300366032,62,300366032-62,質問箇所TEL/FAX,Tel092-411-7833Fax092-431-7739
1468,300366032,63,300366032-63,,
1469,300366032,64,300366032-64,,
1470,300366032,65,300366032-65,,
1471,300366032,66,300366032-66,,
1472,300366032,67,300366032-67,,
1473,300366032,68,300366032-68,,
1474,300366032,69,300366032-69,,
1475,300366032,70,300366032-70,,
1476,300366032,71,300366032-71,開札日時,令和2年3月3日（火）11時00分
1477,300366032,72,300366032-72,開札場所,福岡県福岡市博多区博多駅前二丁目19番24号大博センタービル10階
1478,300366032,73,300366032-73,開札場所,独立行政法人石油天然ガス・金属鉱物資源機構九州支部第2・3会議室
1479,300366032,74,300366032-74,,
1480,300366032,75,300366032-75,,
1481,300366032,76,300366032-76,,
1482,300366032,77,300366032-77,,
1483,300366032,78,300366032-78,,
1484,300366032,79,300366032-79,,
1485,300366032,80,300366032-80,入札書締切日時;開札日時,令和2年3月13日（金）11時00;令和2年3月13日（金）11時00分
1486,300366032,81,300366032-81,開札場所,福岡県福岡市博多区博多駅前二丁目19番24号大博センタービル10階
1487,300366032,82,300366032-82,開札場所,独立行政法人石油天然ガス・金属鉱物資源機構九州支部第2・3会議室
1488,300366032,83,300366032-83,,
1489,300366032,84,300366032-84,入札書締切日時;資格申請締切日時,令和2年3月10日（火）17時00分まで;令和2年3月10日（火）17時00分
1490,300366032,85,300366032-85,,
1491,300366032,86,300366032-86,,
1492,300366032,87,300366032-87,,
1493,300366032,88,300366032-88,,
1494,300366032,89,300366032-89,,
1495,300366032,90,300366032-90,,
1496,300366032,91,300366032-91,,
1497,300366032,92,300366032-92,,
1498,300366032,93,300366032-93,,
1499,300366032,94,300366032-94,,
1500,300366032,95,300366032-95,,
1501,300366032,96,300366032-96,,
1502,300366032,97,300366032-97,,
1503,300366032,98,300366032-98,,
1504,300366032,99,300366032-99,,
1505,300366032,100,300366032-100,,
1506,300366032,101,300366032-101,,
1507,300366032,102,300366032-102,,
1508,300366032,103,300366032-103,,
1509,300366032,104,300366032-104,,
1510,300366032,105,300366032-105,,
1511,300366032,106,300366032-106,,
1512,300366032,107,300366032-107,,
1513,300366032,108,300366032-108,,
1514,300366032,109,300366032-109,,
1515,300366032,110,300366032-110,,
1516,300366032,111,300366032-111,,
1517,300366032,112,300366032-112,,
1518,300366032,113,300366032-113,,
1519,300366032,114,300366032-114,,
1520,300366032,115,300366032-115,,
1521,300366032,116,300366032-116,,
1522,300366032,117,300366032-117,,
1523,300366032,118,300366032-118,,
1524,300366032,119,300366032-119,,
1525,300366032,120,300366032-120,,
1526,300366032,121,300366032-121,,
1527,300366032,122,300366032-122,,
1528,300366032,123,300366032-123,,
1529,300366032,124,300366032-124,,
1530,300366032,125,300366032-125,,
1531,300366032,126,300366032-126,,
1532,300366032,127,300366032-127,,
1533,300366032,128,300366032-128,,
1534,300366032,129,300366032-129,,
1535,300366032,130,300366032-130,,
1536,300366032,131,300366032-131,,
1537,300366032,132,300366032-132,,
1538,300366032,133,300366032-133,,
1539,300366032,134,300366032-134,,
1540,300366032,135,300366032-135,,
1541,300366032,136,300366032-136,,
1542,300366032,137,300366032-137,,
1543,300366032,138,300366032-138,,
1544,300366032,139,300366032-139,,
1545,300366032,140,300366032-140,,
1546,300366032,141,300366032-141,,
1547,300366032,142,300366032-142,,
1548,300366032,143,300366032-143,,
1549,300366032,144,300366032-144,,
1550,300366032,145,300366032-145,,
1551,300366032,146,300366032-146,,
1552,300366032,147,300366032-147,,
1553,300366032,148,300366032-148,,
1554,300366032,149,300366032-149,,
1555,300366032,150,300366032-150,,
1556,300366032,151,300366032-151,,
1557,300366032,152,300366032-152,,
1558,300366032,153,300366032-153,,
1559,300366032,154,300366032-154,,
1560,300366032,155,300366032-155,,
1561,300366032,156,300366032-156,,
1562,300366032,157,300366032-157,,
1563,300366032,158,300366032-158,,
1564,300366032,159,300366032-159,,
1565,300366099,1,300366099-1,,
1566,300366099,2,300366099-2,,
1567,300366099,3,300366099-3,公告日,令和2年2月18日
1568,300366099,4,300366099-4,,
1569,300366099,5,300366099-5,,
1570,300366099,6,300366099-6,,
1571,300366099,7,300366099-7,,
1572,300366099,8,300366099-8,,
1573,300366099,9,300366099-9,入札件名,液晶テレビ及びブルーレイディスクプレーヤーの購入・設置並びに既存品の廃棄
1574,300366099,10,300366099-10,,
1575,300366099,11,300366099-11,,
1576,300366099,12,300366099-12,施設名,ブルーレイディスクプレーヤー
1577,300366099,13,300366099-13,,
1578,300366099,14,300366099-14,,
1579,300366099,15,300366099-15,,
1580,300366099,16,300366099-16,調達終了日,令和2年3月31日
1581,300366099,17,300366099-17,,
1582,300366099,18,300366099-18,都道府県;需要場所(住所),千葉県千葉;千葉県千葉市美浜区浜田一丁目2番2号
1583,300366099,19,300366099-19,施設名,独立行政法人石油天然ガス・金属鉱物資源機構技術センター
1584,300366099,20,300366099-20,,
1585,300366099,21,300366099-21,調達終了日;調達開始日,令和2年3月31日;契約締結日
1586,300366099,22,300366099-22,,
1587,300366099,23,300366099-23,,
1588,300366099,24,300366099-24,,
1589,300366099,25,300366099-25,,
1590,300366099,26,300366099-26,,
1591,300366099,27,300366099-27,,
1592,300366099,28,300366099-28,,
1593,300366099,29,300366099-29,,
1594,300366099,30,300366099-30,,
1595,300366099,31,300366099-31,,
1596,300366099,32,300366099-32,,
1597,300366099,33,300366099-33,,
1598,300366099,34,300366099-34,,
1599,300366099,35,300366099-35,,
1600,300366099,36,300366099-36,,
1601,300366099,37,300366099-37,,
1602,300366099,38,300366099-38,,
1603,300366099,39,300366099-39,,
1604,300366099,40,300366099-40,,
1605,300366099,41,300366099-41,,
1606,300366099,42,300366099-42,,
1607,300366099,43,300366099-43,,
1608,300366099,44,300366099-44,,
1609,300366099,45,300366099-45,,
1610,300366099,46,300366099-46,,
1611,300366099,47,300366099-47,,
1612,300366099,48,300366099-48,入札書送付先;資格申請送付先;質問箇所所属/担当者,〒261-0025千葉県千葉市美浜区浜田一丁目2番2号;〒261-0025千葉県千葉市美浜区浜田一丁目2番2号;〒261-0025千葉県千葉市美浜区浜田一丁目2番2号
1613,300366099,49,300366099-49,入札書送付先部署/担当者名;資格申請送付先部署/担当者名;質問箇所所属/担当者,独立行政法人石油天然ガス・金属鉱物資源機構;独立行政法人石油天然ガス・金属鉱物資源機構;独立行政法人石油天然ガス・金属鉱物資源機構
1614,300366099,50,300366099-50,資格申請送付先部署/担当者名;質問箇所所属/担当者,管理・研修部管理課（担当：太田、瀬沼）;管理・研修部管理課（担当：太田、瀬沼）
1615,300366099,51,300366099-51,質問箇所TEL/FAX,Tel:043-276-4300E-mail:trc-nyuusatsu36@jogmec.go.jp
1616,300366099,52,300366099-52,,
1617,300366099,53,300366099-53,仕様書交付期限,日令和2年2月27日（木）
1618,300366099,55,300366099-55,入札書締切日時,17:00）
1619,300366099,56,300366099-56,,
1620,300366099,57,300366099-57,,
1621,300366099,58,300366099-58,,
1622,300366099,59,300366099-59,資格申請締切日時,令和2年3月3日（火）15時00分
1623,300366099,60,300366099-60,,
1624,300366099,61,300366099-61,,
1625,300366099,62,300366099-62,,
1626,300366099,63,300366099-63,開札日時,令和2年3月5日（木）15時00分
1627,300366099,64,300366099-64,開札場所,〒261-0025千葉県千葉市美浜区浜田一丁目2番2号
1628,300366099,65,300366099-65,開札場所,独立行政法人石油天然ガス・金属鉱物資源機構
1629,300366099,66,300366099-66,開札場所,石油天然ガス開発技術本部（技術センター）
1630,300366099,67,300366099-67,,
1631,300366099,68,300366099-68,,
1632,300366099,69,300366099-69,,
1633,300366099,70,300366099-70,,
1634,300366099,71,300366099-71,,
1635,300366099,72,300366099-72,,
1636,300366099,73,300366099-73,,
1637,300366099,74,300366099-74,,
1638,300366099,75,300366099-75,,
1639,300366099,76,300366099-76,,
1640,300366099,77,300366099-77,,
1641,300366099,78,300366099-78,,
1642,300366099,79,300366099-79,,
1643,300366099,80,300366099-80,,
1644,300366099,81,300366099-81,,
1645,300366099,82,300366099-82,,
1646,300366099,83,300366099-83,,
1647,300366099,84,300366099-84,,
1648,300366099,85,300366099-85,,
1649,300366099,86,300366099-86,,
1650,300366099,87,300366099-87,,
1651,300366099,88,300366099-88,,
1652,300366099,89,300366099-89,,
1653,300366099,90,300366099-90,,
1654,300366099,91,300366099-91,,
1655,300366099,92,300366099-92,,
1656,300366099,93,300366099-93,,
1657,300366099,94,300366099-94,,
1658,300366099,95,300366099-95,,
1659,300366099,96,300366099-96,,
1660,300366099,97,300366099-97,,
1661,300366099,98,300366099-98,,
1662,300366099,99,300366099-99,,
1663,300366099,100,300366099-100,,
1664,300366099,101,300366099-101,,
1665,300366099,102,300366099-102,,
1666,300366099,103,300366099-103,,
1667,300366099,104,300366099-104,,
1668,300366099,105,300366099-105,,
1669,300366099,106,300366099-106,,
1670,300366099,107,300366099-107,,
1671,300366099,108,300366099-108,,
1672,300366099,109,300366099-109,,
1673,300366099,110,300366099-110,,
1674,300366099,111,300366099-111,,
1675,300366099,112,300366099-112,,
1676,300366099,113,300366099-113,,
1677,300366099,114,300366099-114,,
1678,300366168,1,300366168-1,,
1679,300366168,2,300366168-2,,
1680,300366168,3,300366168-3,公告日,令和２年２月２０日
1681,300366168,4,300366168-4,,
1682,300366168,5,300366168-5,,
1683,300366168,6,300366168-6,,
1684,300366168,7,300366168-7,,
1685,300366168,8,300366168-8,,
1686,300366168,9,300366168-9,入札件名,令和２年度海洋資源調査船「白嶺」船内で行う地質サンプル等処理業務
1687,300366168,10,300366168-10,,
1688,300366168,11,300366168-11,,
1689,300366168,12,300366168-12,,
1690,300366168,13,300366168-13,,
1691,300366168,14,300366168-14,調達年度;調達終了日;調達開始日,契約;令和３年２月２６日;契約締結日
1692,300366168,15,300366168-15,,
1693,300366168,16,300366168-16,,
1694,300366168,17,300366168-17,,
1695,300366168,18,300366168-18,,
1696,300366168,19,300366168-19,,
1697,300366168,20,300366168-20,,
1698,300366168,21,300366168-21,,
1699,300366168,22,300366168-22,,
1700,300366168,23,300366168-23,,
1701,300366168,24,300366168-24,,
1702,300366168,25,300366168-25,,
1703,300366168,26,300366168-26,,
1704,300366168,27,300366168-27,,
1705,300366168,28,300366168-28,,
1706,300366168,29,300366168-29,,
1707,300366168,30,300366168-30,,
1708,300366168,31,300366168-31,,
1709,300366168,32,300366168-32,,
1710,300366168,33,300366168-33,,
1711,300366168,34,300366168-34,,
1712,300366168,35,300366168-35,,
1713,300366168,36,300366168-36,,
1714,300366168,37,300366168-37,,
1715,300366168,38,300366168-38,,
1716,300366168,39,300366168-39,,
1717,300366168,40,300366168-40,,
1718,300366168,41,300366168-41,,
1719,300366168,42,300366168-42,,
1720,300366168,43,300366168-43,,
1721,300366168,44,300366168-44,,
1722,300366168,45,300366168-45,,
1723,300366168,46,300366168-46,,
1724,300366168,47,300366168-47,,
1725,300366168,48,300366168-48,,
1726,300366168,49,300366168-49,,
1727,300366168,50,300366168-50,,
1728,300366168,51,300366168-51,,
1729,300366168,52,300366168-52,入札書送付先;資格申請送付先;質問箇所所属/担当者;都道府県;開札場所;需要場所(住所),〒１０５－０００１;〒１０５－０００１;〒１０５－０００１;〒１０５;〒１０５－０００１;〒１０５－０００１
1730,300366168,53,300366168-53,入札書送付先;資格申請送付先;質問箇所所属/担当者;都道府県;開札場所;需要場所(住所),東京都港区虎ノ門二丁目１０番１号虎ノ門ツインビルディング西棟１５階;東京都港区虎ノ門二丁目１０番１号虎ノ門ツインビルディング西棟１５階;東京都港区虎ノ門二丁目１０番１号虎ノ門ツインビルディング西棟１５階;東京都港区;東京都港区虎ノ門二丁目１０番１号虎ノ門ツインビルディング西棟１５階;東京都港区虎ノ門二丁目１０番１号虎ノ門ツインビルディング西棟１５階
1731,300366168,54,300366168-54,入札書送付先部署/担当者名;資格申請送付先部署/担当者名;質問箇所所属/担当者,独立行政法人石油天然ガス・金属鉱物資源機構金属資源技術部海洋資源調査課;独立行政法人石油天然ガス・金属鉱物資源機構金属資源技術部海洋資源調査課;独立行政法人石油天然ガス・金属鉱物資源機構金属資源技術部海洋資源調査課
1732,300366168,55,300366168-55,入札書送付先部署/担当者名;資格申請送付先部署/担当者名;質問箇所所属/担当者,担当者：天谷宇志（amagai-takashi@jogmec.go.jp）;担当者：天谷宇志（amagai-takashi@jogmec.go.jp）;担当者：天谷宇志（amagai-takashi@jogmec.go.jp）
1733,300366168,56,300366168-56,入札書送付先部署/担当者名;資格申請送付先部署/担当者名;質問箇所所属/担当者,上條裕久（kamijo-hirohisa@jogmec.go.jp）;上條裕久（kamijo-hirohisa@jogmec.go.jp）;上條裕久（kamijo-hirohisa@jogmec.go.jp）
1734,300366168,57,300366168-57,,
1735,300366168,58,300366168-58,,
1736,300366168,59,300366168-59,,
1737,300366168,60,300366168-60,仕様書交付期限,令和２年３月４日（水）１６時３０分
1738,300366168,61,300366168-61,,
1739,300366168,62,300366168-62,,
1740,300366168,63,300366168-63,,
1741,300366168,64,300366168-64,,
1742,300366168,65,300366168-65,,
1743,300366168,66,300366168-66,,
1744,300366168,67,300366168-67,,
1745,300366168,68,300366168-68,,
1746,300366168,69,300366168-69,資格申請締切日時,令和２年３月１９日（木）１７時まで
1747,300366168,70,300366168-70,,
1748,300366168,71,300366168-71,,
1749,300366168,72,300366168-72,資格申請締切日時,１７時００分
1750,300366168,73,300366168-73,,
1751,300366168,74,300366168-74,,
1752,300366168,75,300366168-75,開札日時,令和２年３月２４日（火）１０時００分
1753,300366168,76,300366168-76,開札場所,上記３（１）の１５階ＡＢ会議室
1754,300366168,77,300366168-77,,
1755,300366168,78,300366168-78,,
1756,300366168,79,300366168-79,,
1757,300366168,80,300366168-80,,
1758,300366168,81,300366168-81,,
1759,300366168,82,300366168-82,,
1760,300366168,83,300366168-83,,
1761,300366168,84,300366168-84,,
1762,300366168,85,300366168-85,,
1763,300366168,86,300366168-86,,
1764,300366168,87,300366168-87,,
1765,300366168,88,300366168-88,,
1766,300366168,89,300366168-89,,
1767,300366168,90,300366168-90,,
1768,300366168,91,300366168-91,,
1769,300366168,92,300366168-92,,
1770,300366168,93,300366168-93,,
1771,300366168,94,300366168-94,,
1772,300366168,95,300366168-95,,
1773,300366168,96,300366168-96,,
1774,300366168,97,300366168-97,,
1775,300366168,98,300366168-98,,
1776,300366168,99,300366168-99,,
1777,300366168,100,300366168-100,,
1778,300366168,101,300366168-101,,
1779,300366168,102,300366168-102,,
1780,300366168,103,300366168-103,,
1781,300366168,104,300366168-104,,
1782,300366168,105,300366168-105,,
1783,300366168,106,300366168-106,,
1784,300366168,107,300366168-107,,
1785,300366168,108,300366168-108,,
1786,300366168,109,300366168-109,,
1787,300366168,110,300366168-110,,
1788,300366168,111,300366168-111,,
1789,300366168,112,300366168-112,,
1790,300366168,113,300366168-113,,
1791,300366168,114,300366168-114,,
1792,300366168,115,300366168-115,,
1793,300366168,116,300366168-116,,
1794,300366168,117,300366168-117,,
1795,300366168,118,300366168-118,,
1796,300366168,119,300366168-119,,
1797,300366168,120,300366168-120,,
1798,300366168,121,300366168-121,,
1799,300366168,122,300366168-122,,
1800,300366168,123,300366168-123,,
1801,300366168,124,300366168-124,,
1802,300366168,125,300366168-125,,
1803,300366168,126,300366168-126,,
1804,300366256,1,300366256-1,,
1805,300366256,2,300366256-2,,
1806,300366256,3,300366256-3,公告日,令和２年２月２７日
1807,300366256,4,300366256-4,,
1808,300366256,5,300366256-5,,
1809,300366256,6,300366256-6,,
1810,300366256,7,300366256-7,,
1811,300366256,8,300366256-8,入札件名,令和２年度自動車保険契約
1812,300366256,9,300366256-9,,
1813,300366256,10,300366256-10,,
1814,300366256,11,300366256-11,,
1815,300366256,12,300366256-12,,
1816,300366256,13,300366256-13,調達年度;調達終了日;調達開始日,令和２年;令和３年４月１日午後４時;令和２年４月１日午後４時
1817,300366256,14,300366256-14,,
1818,300366256,15,300366256-15,,
1819,300366256,16,300366256-16,,
1820,300366256,17,300366256-17,,
1821,300366256,18,300366256-18,,
1822,300366256,19,300366256-19,,
1823,300366256,20,300366256-20,,
1824,300366256,21,300366256-21,,
1825,300366256,22,300366256-22,,
1826,300366256,23,300366256-23,,
1827,300366256,24,300366256-24,,
1828,300366256,25,300366256-25,資格申請締切日時,令和２年１月３１日
1829,300366256,26,300366256-26,,
1830,300366256,27,300366256-27,,
1831,300366256,28,300366256-28,,
1832,300366256,29,300366256-29,質問箇所所属/担当者,"スタンダード＆プアーズ・レーティ
ング・ジャパン株式会社|保険財務力格付|Ａ－以上"
1833,300366256,30,300366256-30,,
1834,300366256,31,300366256-31,,
1835,300366256,32,300366256-32,資格申請締切日時,令和２年１月３１日現在
1836,300366256,33,300366256-33,,
1837,300366256,34,300366256-34,,
1838,300366256,35,300366256-35,,
1839,300366256,36,300366256-36,,
1840,300366256,37,300366256-37,,
1841,300366256,38,300366256-38,,
1842,300366256,39,300366256-39,,
1843,300366256,40,300366256-40,,
1844,300366256,41,300366256-41,,
1845,300366256,42,300366256-42,入札書送付先;資格申請送付先;質問箇所所属/担当者,〒１０５－０００１;〒１０５－０００１;〒１０５－０００１
1846,300366256,43,300366256-43,入札書送付先;資格申請送付先;質問箇所所属/担当者,東京都港区虎ノ門二丁目１０番１号虎ノ門ツインビルディング;東京都港区虎ノ門二丁目１０番１号虎ノ門ツインビルディング;東京都港区虎ノ門二丁目１０番１号虎ノ門ツインビルディング
1847,300366256,44,300366256-44,入札書送付先部署/担当者名;資格申請送付先部署/担当者名;質問箇所所属/担当者,独立行政法人石油天然ガス・金属鉱物資源機構西棟１８階;独立行政法人石油天然ガス・金属鉱物資源機構西棟１８階;独立行政法人石油天然ガス・金属鉱物資源機構西棟１８階
1848,300366256,45,300366256-45,入札書送付先部署/担当者名;資格申請送付先部署/担当者名;質問箇所TEL/FAX;質問箇所所属/担当者,経理部経理課西野公子℡：０３－６７５８－８１１４;経理部経理課西野公子℡：０３－６７５８－８１１４;経理部経理課西野公子℡：０３－６７５８－８１１４;経理部経理課西野公子℡：０３－６７５８－８１１４
1849,300366256,46,300366256-46,,
1850,300366256,47,300366256-47,,
1851,300366256,48,300366256-48,,
1852,300366256,49,300366256-49,仕様書交付期限,令和２年３月１２日（木）１７時００分
1853,300366256,50,300366256-50,入札書締切日時,１７時００
1854,300366256,51,300366256-51,,
1855,300366256,52,300366256-52,,
1856,300366256,53,300366256-53,,
1857,300366256,54,300366256-54,質問票締切日時,令和２月３月１２日（木）１７時００分
1858,300366256,55,300366256-55,,
1859,300366256,56,300366256-56,資格申請締切日時,令和２年３月１１日（水）１７時００分
1860,300366256,57,300366256-57,,
1861,300366256,58,300366256-58,,
1862,300366256,59,300366256-59,,
1863,300366256,60,300366256-60,,
1864,300366256,61,300366256-61,資格申請締切日時,令和２年１月３１日
1865,300366256,62,300366256-62,,
1866,300366256,63,300366256-63,,
1867,300366256,64,300366256-64,資格申請締切日時,令和２年１月３１
1868,300366256,65,300366256-65,,
1869,300366256,66,300366256-66,,
1870,300366256,67,300366256-67,,
1871,300366256,68,300366256-68,,
1872,300366256,69,300366256-69,,
1873,300366256,70,300366256-70,,
1874,300366256,71,300366256-71,入札書締切日時;開札日時,令和２年３月１８日（水）１４時００分;令和２年３月１８日（水）１４時００分
1875,300366256,72,300366256-72,開札場所,〒１０５－０００１
1876,300366256,73,300366256-73,開札場所,東京都港区虎ノ門二丁目１０番１号虎ノ門ツインビルディング
1877,300366256,74,300366256-74,開札場所,独立行政法人石油天然ガス・金属鉱物資源機構西棟１８階Ａ・Ｂ会議室
1878,300366256,75,300366256-75,,
1879,300366256,76,300366256-76,,
1880,300366256,77,300366256-77,,
1881,300366256,78,300366256-78,,
1882,300366256,79,300366256-79,,
1883,300366256,80,300366256-80,,
1884,300366256,81,300366256-81,,
1885,300366256,82,300366256-82,,
1886,300366256,83,300366256-83,,
1887,300366256,84,300366256-84,,
1888,300366256,85,300366256-85,,
1889,300366256,86,300366256-86,,
1890,300366256,87,300366256-87,,
1891,300366256,88,300366256-88,,
1892,300366256,89,300366256-89,,
1893,300366256,90,300366256-90,,
1894,300366256,91,300366256-91,,
1895,300366256,92,300366256-92,,
1896,300366256,93,300366256-93,,
1897,300366256,94,300366256-94,,
1898,300366256,95,300366256-95,,
1899,300366256,96,300366256-96,,
1900,300366256,97,300366256-97,,
1901,300366256,98,300366256-98,,
1902,300366256,99,300366256-99,,
1903,300366256,100,300366256-100,,
1904,300366256,101,300366256-101,,
1905,300366256,102,300366256-102,,
1906,300366256,103,300366256-103,,
1907,300366256,104,300366256-104,,
1908,300366256,105,300366256-105,,
1909,300366256,106,300366256-106,,
1910,300366256,107,300366256-107,,
1911,300366256,108,300366256-108,,
1912,300366256,109,300366256-109,,
1913,300366256,110,300366256-110,,
1914,300366256,111,300366256-111,,
1915,300366256,112,300366256-112,,
1916,300366256,113,300366256-113,,
1917,300366256,114,300366256-114,,
1918,300366256,115,300366256-115,,
1919,300366256,116,300366256-116,,
1920,300366256,117,300366256-117,,
1921,300366256,118,300366256-118,,
1922,300366342,1,300366342-1,,
1923,300366342,2,300366342-2,,
1924,300366342,3,300366342-3,公告日,令和２年２月２８日
1925,300366342,4,300366342-4,,
1926,300366342,5,300366342-5,,
1927,300366342,6,300366342-6,,
1928,300366342,7,300366342-7,,
1929,300366342,8,300366342-8,入札件名,令和２年度役職員の海外出張等に係る海外旅行傷害保険
1930,300366342,9,300366342-9,,
1931,300366342,10,300366342-10,資格申請送付先部署/担当者名,独立行政法人石油天然ガス・金属鉱物資源機構の役職員等の海外出張等に係る海外
1932,300366342,11,300366342-11,,
1933,300366342,12,300366342-12,,
1934,300366342,13,300366342-13,,
1935,300366342,14,300366342-14,調達年度;調達終了日;調達開始日,令和２年;令和３年３月３１日午後１２時;令和２年４月１日午前０時
1936,300366342,15,300366342-15,,
1937,300366342,16,300366342-16,,
1938,300366342,17,300366342-17,,
1939,300366342,18,300366342-18,,
1940,300366342,19,300366342-19,,
1941,300366342,20,300366342-20,,
1942,300366342,21,300366342-21,,
1943,300366342,22,300366342-22,,
1944,300366342,23,300366342-23,,
1945,300366342,24,300366342-24,,
1946,300366342,25,300366342-25,,
1947,300366342,26,300366342-26,,
1948,300366342,27,300366342-27,,
1949,300366342,28,300366342-28,,
1950,300366342,29,300366342-29,,
1951,300366342,30,300366342-30,,
1952,300366342,31,300366342-31,,
1953,300366342,32,300366342-32,,
1954,300366342,33,300366342-33,,
1955,300366342,34,300366342-34,,
1956,300366342,35,300366342-35,,
1957,300366342,36,300366342-36,,
1958,300366342,37,300366342-37,,
1959,300366342,38,300366342-38,,
1960,300366342,39,300366342-39,,
1961,300366342,40,300366342-40,資格申請締切日時,令和２年３月１３日（金）まで
1962,300366342,41,300366342-41,,
1963,300366342,42,300366342-42,資格申請締切日時,令和２年３月１６日（月）１２時００分まで
1964,300366342,44,300366342-44,,
1965,300366342,45,300366342-45,,
1966,300366342,46,300366342-46,仕様書交付期限;入札書締切日時,令和２年３月１２日（木）１２時００分;令和２年３月１２日（木）１２時００分
1967,300366342,48,300366342-48,入札書送付先;資格申請送付先;質問箇所所属/担当者;開札場所,〒105-0001東京都港区虎ノ門二丁目１０番１号虎ノ門ツインビルディング;〒105-0001東京都港区虎ノ門二丁目１０番１号虎ノ門ツインビルディング;〒105-0001東京都港区虎ノ門二丁目１０番１号虎ノ門ツインビルディング;〒
1968,300366342,49,300366342-49,入札書送付先部署/担当者名;資格申請送付先部署/担当者名;質問箇所所属/担当者,独立行政法人石油天然ガス・金属鉱物資源機構;独立行政法人石油天然ガス・金属鉱物資源機構;独立行政法人石油天然ガス・金属鉱物資源機構
1969,300366342,50,300366342-50,入札書送付先部署/担当者名;資格申請送付先部署/担当者名;質問箇所所属/担当者,総務部管理課鈴木、神保;総務部管理課鈴木、神保;総務部管理課鈴木、神保
1970,300366342,51,300366342-51,,
1971,300366342,52,300366342-52,,
1972,300366342,53,300366342-53,,
1973,300366342,54,300366342-54,,
1974,300366342,55,300366342-55,開札日時,令和２年３月１９日（木）１１時３０分
1975,300366342,56,300366342-56,開札場所,〒105-0001東京都港区虎ノ門二丁目10番1号虎ノ門ツインビルディング
1976,300366342,57,300366342-57,開札場所,独立行政法人石油天然ガス・金属鉱物資源機構２階会議室
1977,300366342,58,300366342-58,,
1978,300366342,59,300366342-59,,
1979,300366342,60,300366342-60,,
1980,300366342,61,300366342-61,,
1981,300366342,62,300366342-62,,
1982,300366342,63,300366342-63,,
1983,300366342,64,300366342-64,,
1984,300366342,65,300366342-65,,
1985,300366342,66,300366342-66,,
1986,300366342,67,300366342-67,,
1987,300366342,68,300366342-68,,
1988,300366342,69,300366342-69,,
1989,300366342,70,300366342-70,,
1990,300366342,71,300366342-71,,
1991,300366342,72,300366342-72,,
1992,300366342,73,300366342-73,,
1993,300366342,74,300366342-74,,
1994,300366342,75,300366342-75,,
1995,300366342,76,300366342-76,,
1996,300366342,77,300366342-77,,
1997,300366342,78,300366342-78,,
1998,300366342,79,300366342-79,,
1999,300366342,80,300366342-80,,
2000,300366342,81,300366342-81,,
2001,300366342,82,300366342-82,,
2002,300366342,83,300366342-83,,
2003,300366342,84,300366342-84,,
2004,300366342,85,300366342-85,,
2005,300366342,86,300366342-86,,
2006,300366342,87,300366342-87,,
2007,300366342,88,300366342-88,,
2008,300366342,89,300366342-89,,
2009,300366342,90,300366342-90,,
2010,300366342,91,300366342-91,,
2011,300366342,92,300366342-92,,
2012,300366342,93,300366342-93,,
2013,300366342,94,300366342-94,,
2014,300366342,95,300366342-95,,
2015,300366342,96,300366342-96,,
2016,300366342,97,300366342-97,,
2017,300366342,98,300366342-98,,
2018,300366342,99,300366342-99,,
2019,300366342,100,300366342-100,,
2020,300366342,101,300366342-101,,
2021,300366342,102,300366342-102,,
2022,300366342,103,300366342-103,,
2023,300366342,104,300366342-104,,
2024,300366342,105,300366342-105,,
2025,300366342,106,300366342-106,,
2026,300366342,107,300366342-107,,
2027,300366342,108,300366342-108,,
2028,300366342,109,300366342-109,,
2029,300366342,110,300366342-110,,
2030,300366342,111,300366342-111,,
2031,300366342,112,300366342-112,,
2032,300366363,1,300366363-1,,
2033,300366363,2,300366363-2,,
2034,300366363,3,300366363-3,公告日,令和２年３月３日
2035,300366363,4,300366363-4,,
2036,300366363,5,300366363-5,,
2037,300366363,6,300366363-6,,
2038,300366363,7,300366363-7,,
2039,300366363,8,300366363-8,入札件名,令和2年度「モザンビーク石炭産業人材育成事業（招聘研修・専門家派遣研修）」に係るポルトガル語通訳等業務の一般競争入札の実施について
2040,300366363,10,300366363-10,,
2041,300366363,11,300366363-11,,
2042,300366363,12,300366363-12,,
2043,300366363,13,300366363-13,調達終了日;調達開始日,令和２年１１月２７日;契約締結日
2044,300366363,14,300366363-14,,
2045,300366363,15,300366363-15,,
2046,300366363,16,300366363-16,,
2047,300366363,17,300366363-17,,
2048,300366363,18,300366363-18,,
2049,300366363,19,300366363-19,,
2050,300366363,20,300366363-20,,
2051,300366363,21,300366363-21,,
2052,300366363,22,300366363-22,,
2053,300366363,23,300366363-23,,
2054,300366363,24,300366363-24,,
2055,300366363,25,300366363-25,,
2056,300366363,26,300366363-26,,
2057,300366363,27,300366363-27,,
2058,300366363,28,300366363-28,,
2059,300366363,29,300366363-29,,
2060,300366363,30,300366363-30,,
2061,300366363,31,300366363-31,,
2062,300366363,32,300366363-32,,
2063,300366363,33,300366363-33,,
2064,300366363,34,300366363-34,,
2065,300366363,35,300366363-35,,
2066,300366363,36,300366363-36,,
2067,300366363,37,300366363-37,,
2068,300366363,38,300366363-38,,
2069,300366363,39,300366363-39,,
2070,300366363,40,300366363-40,,
2071,300366363,41,300366363-41,,
2072,300366363,42,300366363-42,,
2073,300366363,43,300366363-43,,
2074,300366363,44,300366363-44,,
2075,300366363,45,300366363-45,,
2076,300366363,46,300366363-46,,
2077,300366363,47,300366363-47,,
2078,300366363,48,300366363-48,,
2079,300366363,49,300366363-49,,
2080,300366363,50,300366363-50,,
2081,300366363,51,300366363-51,,
2082,300366363,52,300366363-52,,
2083,300366363,53,300366363-53,,
2084,300366363,54,300366363-54,,
2085,300366363,55,300366363-55,,
2086,300366363,56,300366363-56,,
2087,300366363,57,300366363-57,,
2088,300366363,58,300366363-58,,
2089,300366363,59,300366363-59,,
2090,300366363,60,300366363-60,,
2091,300366363,61,300366363-61,,
2092,300366363,62,300366363-62,,
2093,300366363,63,300366363-63,,
2094,300366363,64,300366363-64,,
2095,300366363,68,300366363-68,,
2096,300366363,69,300366363-69,,
2097,300366363,70,300366363-70,入札書送付先;資格申請送付先;質問箇所所属/担当者,〒105-0001;〒105-0001;〒105-0001
2098,300366363,71,300366363-71,入札書送付先;資格申請送付先;質問箇所所属/担当者,東京都港区虎ノ門二丁目１０番１号虎ノ門ツインビルディング;東京都港区虎ノ門二丁目１０番１号虎ノ門ツインビルディング;東京都港区虎ノ門二丁目１０番１号虎ノ門ツインビルディング
2099,300366363,72,300366363-72,入札書送付先部署/担当者名;資格申請送付先部署/担当者名;質問箇所所属/担当者,独立行政法人石油天然ガス・金属鉱物資源機構;独立行政法人石油天然ガス・金属鉱物資源機構;独立行政法人石油天然ガス・金属鉱物資源機構
2100,300366363,73,300366363-73,資格申請送付先部署/担当者名;質問箇所所属/担当者,石炭開発部石炭技術課池田真奈美、辻本譲、一戸孝之;石炭開発部石炭技術課池田真奈美、辻本譲、一戸孝之
2101,300366363,74,300366363-74,質問箇所TEL/FAX,Tel03-6758-8491Fax03-6758-8086
2102,300366363,75,300366363-75,,
2103,300366363,76,300366363-76,,
2104,300366363,77,300366363-77,,
2105,300366363,78,300366363-78,,
2106,300366363,79,300366363-79,,
2107,300366363,80,300366363-80,,
2108,300366363,81,300366363-81,,
2109,300366363,82,300366363-82,,
2110,300366363,83,300366363-83,資格申請締切日時,令和２年４月２日（木）１２時必
2111,300366363,87,300366363-87,,
2112,300366363,88,300366363-88,資格申請送付先,一般競争入札参加申請書（様式１）１部
2113,300366363,89,300366363-89,,
2114,300366363,90,300366363-90,,
2115,300366363,91,300366363-91,,
2116,300366363,92,300366363-92,,
2117,300366363,93,300366363-93,,
2118,300366363,94,300366363-94,,
2119,300366363,95,300366363-95,,
2120,300366363,96,300366363-96,,
2121,300366363,97,300366363-97,,
2122,300366363,98,300366363-98,,
2123,300366363,99,300366363-99,資格申請送付先部署/担当者名,派遣通訳予定者に関する以下の書類各１部
2124,300366363,100,300366363-100,,
2125,300366363,101,300366363-101,,
2126,300366363,102,300366363-102,,
2127,300366363,103,300366363-103,,
2128,300366363,104,300366363-104,,
2129,300366363,105,300366363-105,,
2130,300366363,106,300366363-106,,
2131,300366363,107,300366363-107,,
2132,300366363,108,300366363-108,,
2133,300366363,109,300366363-109,,
2134,300366363,110,300366363-110,,
2135,300366363,111,300366363-111,,
2136,300366363,112,300366363-112,,
2137,300366363,113,300366363-113,,
2138,300366363,114,300366363-114,,
2139,300366363,115,300366363-115,,
2140,300366363,116,300366363-116,質問票締切日時,令和２年４月２日（木）１７時
2141,300366363,117,300366363-117,,
2142,300366363,118,300366363-118,,
2143,300366363,119,300366363-119,入札書締切日時;入札書送付先;開札日時,令和２年４月６日（月）１４時００分;令和２年４月６日（月）１４時００分;令和２年４月６日（月）１４時００分
2144,300366363,120,300366363-120,入札書送付先;開札場所,〒105-0001;〒105-0001
2145,300366363,121,300366363-121,入札書送付先;開札場所,東京都港区虎ノ門二丁目１０番１号虎ノ門ツインビルディング;東京都港区虎ノ門二丁目１０番１号虎ノ門ツインビルディング
2146,300366363,122,300366363-122,入札書送付先部署/担当者名;開札場所,独立行政法人石油天然ガス・金属鉱物資源機構１５Ａ会議室;独立行政法人石油天然ガス・金属鉱物資源機構１５Ａ会議室
2147,300366363,123,300366363-123,,
2148,300366363,124,300366363-124,,
2149,300366363,125,300366363-125,,
2150,300366363,126,300366363-126,開札場所,印鑑証明書１部
2151,300366363,127,300366363-127,,
2152,300366363,128,300366363-128,,
2153,300366363,129,300366363-129,,
2154,300366363,130,300366363-130,,
2155,300366363,131,300366363-131,,
2156,300366363,132,300366363-132,,
2157,300366363,133,300366363-133,開札場所,様式２）
2158,300366363,134,300366363-134,,
2159,300366363,135,300366363-135,,
2160,300366363,136,300366363-136,,
2161,300366363,137,300366363-137,入札書送付先;開札場所,⑤辞退届（様式４）１部;（様式４）１部
2162,300366363,138,300366363-138,,
2163,300366363,139,300366363-139,,
2164,300366363,140,300366363-140,,
2165,300366363,141,300366363-141,,
2166,300366363,142,300366363-142,,
2167,300366363,143,300366363-143,,
2168,300366363,144,300366363-144,,
2169,300366363,145,300366363-145,,
2170,300366363,146,300366363-146,,
2171,300366363,147,300366363-147,,
2172,300366363,148,300366363-148,,
2173,300366363,149,300366363-149,,
2174,300366363,150,300366363-150,,
2175,300366363,151,300366363-151,,
2176,300366363,152,300366363-152,,
2177,300366363,153,300366363-153,,
2178,300366363,154,300366363-154,,
2179,300366363,155,300366363-155,,
2180,300366363,156,300366363-156,,
2181,300366363,157,300366363-157,,
2182,300366363,158,300366363-158,,
2183,300366363,159,300366363-159,,
2184,300366363,160,300366363-160,,
2185,300366363,161,300366363-161,,
2186,300366363,162,300366363-162,,
2187,300366363,163,300366363-163,,
2188,300366363,164,300366363-164,,
2189,300366363,165,300366363-165,,
2190,300366363,166,300366363-166,,
2191,300366363,167,300366363-167,,
2192,300366363,168,300366363-168,,
2193,300366363,169,300366363-169,,
2194,300366363,170,300366363-170,,
2195,300366363,171,300366363-171,,
2196,300366363,172,300366363-172,,
2197,300366363,173,300366363-173,,
2198,300366363,174,300366363-174,,
2199,300366363,175,300366363-175,,
2200,300366363,176,300366363-176,,
2201,300366363,177,300366363-177,,
2202,300366363,178,300366363-178,,
2203,300366363,179,300366363-179,,
2204,300366363,180,300366363-180,,
2205,300366363,181,300366363-181,,
2206,300366363,182,300366363-182,,
2207,300366363,183,300366363-183,,
2208,300366363,184,300366363-184,,
2209,300366363,185,300366363-185,,
2210,300366678,1,300366678-1,,
2211,300366678,2,300366678-2,,
2212,300366678,3,300366678-3,公告日,令和２年３月２３日
2213,300366678,4,300366678-4,,
2214,300366678,5,300366678-5,,
2215,300366678,6,300366678-6,,
2216,300366678,7,300366678-7,,
2217,300366678,8,300366678-8,入札件名,AEデータ解析用ワークステーションの導入（リース）
2218,300366678,9,300366678-9,,
2219,300366678,10,300366678-10,,
2220,300366678,11,300366678-11,,
2221,300366678,12,300366678-12,調達年度;調達終了日;調達開始日,令和２年;令和２年令和３年３月３１日（水）;令和２年７月１日（納入日の翌日
2222,300366678,13,300366678-13,,
2223,300366678,14,300366678-14,公告日;調達終了日,令和２年６月３０日;令和２年６月３０日
2224,300366678,15,300366678-15,,
2225,300366678,16,300366678-16,施設名;都道府県;需要場所(住所),〒963-0298;〒963-0298福島県;〒963-0298福島県郡山市待池台2-2-9
2226,300366678,17,300366678-17,施設名,国立研究開発法人産業技術総合研究所
2227,300366678,18,300366678-18,施設名,再生可能エネルギー研究センター３階地熱チーム実験室
2228,300366678,19,300366678-19,,
2229,300366678,20,300366678-20,,
2230,300366678,21,300366678-21,,
2231,300366678,22,300366678-22,,
2232,300366678,23,300366678-23,,
2233,300366678,24,300366678-24,,
2234,300366678,25,300366678-25,,
2235,300366678,26,300366678-26,,
2236,300366678,27,300366678-27,,
2237,300366678,28,300366678-28,,
2238,300366678,29,300366678-29,,
2239,300366678,30,300366678-30,,
2240,300366678,31,300366678-31,,
2241,300366678,32,300366678-32,,
2242,300366678,33,300366678-33,,
2243,300366678,34,300366678-34,,
2244,300366678,35,300366678-35,,
2245,300366678,36,300366678-36,,
2246,300366678,37,300366678-37,,
2247,300366678,39,300366678-39,,
2248,300366678,40,300366678-40,,
2249,300366678,41,300366678-41,,
2250,300366678,42,300366678-42,,
2251,300366678,43,300366678-43,,
2252,300366678,44,300366678-44,,
2253,300366678,45,300366678-45,資格申請締切日時,令和２年４月６日
2254,300366678,48,300366678-48,仕様書交付期限;資格申請締切日時,令和2年4月6;令和2年4月6日
2255,300366678,49,300366678-49,資格申請締切日時,令和2年4月6日
2256,300366678,50,300366678-50,,
2257,300366678,51,300366678-51,仕様書交付期限,令和2年4月
2258,300366678,52,300366678-52,,
2259,300366678,53,300366678-53,,
2260,300366678,54,300366678-54,,
2261,300366678,55,300366678-55,,
2262,300366678,56,300366678-56,,
2263,300366678,57,300366678-57,,
2264,300366678,58,300366678-58,,
2265,300366678,59,300366678-59,資格申請締切日時,令和２年４月６日１７：００
2266,300366678,60,300366678-60,,
2267,300366678,61,300366678-61,,
2268,300366678,62,300366678-62,,
2269,300366678,63,300366678-63,,
2270,300366678,64,300366678-64,,
2271,300366678,65,300366678-65,入札書送付先;資格申請送付先;質問箇所所属/担当者,〒105-0001;〒105-0001;〒105-0001
2272,300366678,66,300366678-66,入札書送付先;資格申請送付先;質問箇所所属/担当者,東京都港区虎ノ門二丁目１０番１号虎ノ門ツインビルディング;東京都港区虎ノ門二丁目１０番１号虎ノ門ツインビルディング;東京都港区虎ノ門二丁目１０番１号虎ノ門ツインビルディング
2273,300366678,67,300366678-67,入札書送付先部署/担当者名;資格申請送付先部署/担当者名;質問箇所所属/担当者,独立行政法人石油天然ガス・金属鉱物資源機構;独立行政法人石油天然ガス・金属鉱物資源機構;独立行政法人石油天然ガス・金属鉱物資源機構
2274,300366678,68,300366678-68,資格申請送付先部署/担当者名;質問箇所所属/担当者,地熱技術部技術課吉松圭太／財前貴志;地熱技術部技術課吉松圭太／財前貴志
2275,300366678,69,300366678-69,,
2276,300366678,70,300366678-70,質問箇所TEL/FAX,Tel03-6758-8001Fax03-6758-8087
2277,300366678,71,300366678-71,,
2278,300366678,72,300366678-72,入札書締切日時,令和２年４月１日
2279,300366678,73,300366678-73,,
2280,300366678,74,300366678-74,,
2281,300366678,75,300366678-75,,
2282,300366678,76,300366678-76,,
2283,300366678,77,300366678-77,入札書締切日時;開札日時,令和２年４月８日（水）１１時００分;令和２年４月８日（水）１１時００分
2284,300366678,79,300366678-79,入札書送付先;開札場所,〒１０５―０００１;〒１０５―０００１
2285,300366678,80,300366678-80,入札書送付先;開札場所,東京都港区虎ノ門二丁目１０番１号虎ノ門ツインビルディング;東京都港区虎ノ門二丁目１０番１号虎ノ門ツインビルディング
2286,300366678,81,300366678-81,開札場所,独立行政法人石油天然ガス・金属鉱物資源機構
2287,300366678,82,300366678-82,,
2288,300366678,83,300366678-83,,
2289,300366678,84,300366678-84,,
2290,300366678,85,300366678-85,,
2291,300366678,86,300366678-86,,
2292,300366678,87,300366678-87,,
2293,300366678,88,300366678-88,,
2294,300366678,89,300366678-89,,
2295,300366678,90,300366678-90,,
2296,300366678,91,300366678-91,,
2297,300366678,92,300366678-92,,
2298,300366678,93,300366678-93,,
2299,300366678,94,300366678-94,,
2300,300366678,95,300366678-95,,
2301,300366678,96,300366678-96,,
2302,300366678,97,300366678-97,,
2303,300366678,98,300366678-98,,
2304,300366678,99,300366678-99,,
2305,300366678,100,300366678-100,,
2306,300366678,101,300366678-101,,
2307,300366678,102,300366678-102,,
2308,300366678,103,300366678-103,,
2309,300366678,104,300366678-104,,
2310,300366678,105,300366678-105,,
2311,300366678,106,300366678-106,,
2312,300366678,107,300366678-107,,
2313,300366678,108,300366678-108,,
2314,300366678,109,300366678-109,,
2315,300366678,110,300366678-110,,
2316,300366678,111,300366678-111,,
2317,300366678,112,300366678-112,,
2318,300366678,113,300366678-113,,
2319,300366678,114,300366678-114,,
2320,300366678,115,300366678-115,,
2321,300366678,116,300366678-116,,
2322,300366678,117,300366678-117,,
2323,300366678,118,300366678-118,,
2324,300366678,119,300366678-119,,
2325,300366678,120,300366678-120,,
2326,300366678,121,300366678-121,,
2327,300366678,122,300366678-122,,
2328,300366678,123,300366678-123,,
2329,300366678,124,300366678-124,,
2330,300366678,125,300366678-125,,
2331,300366678,126,300366678-126,,
2332,300366678,127,300366678-127,,
2333,300366678,128,300366678-128,,
2334,300366678,129,300366678-129,,
2335,300366678,130,300366678-130,,
2336,300367262,1,300367262-1,,
2337,300367262,2,300367262-2,,
2338,300367262,3,300367262-3,公告日,令和２年５月１５日
2339,300367262,4,300367262-4,,
2340,300367262,5,300367262-5,,
2341,300367262,6,300367262-6,,
2342,300367262,7,300367262-7,,
2343,300367262,8,300367262-8,入札件名,令和２年度海洋鉱物資源調査試料第１回室内分析
2344,300367262,9,300367262-9,,
2345,300367262,10,300367262-10,,
2346,300367262,11,300367262-11,調達終了日;調達開始日,令和２年１２月１８日;契約締結日
2347,300367262,12,300367262-12,,
2348,300367262,13,300367262-13,,
2349,300367262,14,300367262-14,,
2350,300367262,15,300367262-15,,
2351,300367262,16,300367262-16,,
2352,300367262,17,300367262-17,,
2353,300367262,18,300367262-18,,
2354,300367262,19,300367262-19,,
2355,300367262,20,300367262-20,,
2356,300367262,21,300367262-21,,
2357,300367262,22,300367262-22,,
2358,300367262,23,300367262-23,,
2359,300367262,24,300367262-24,,
2360,300367262,25,300367262-25,,
2361,300367262,26,300367262-26,,
2362,300367262,27,300367262-27,,
2363,300367262,28,300367262-28,,
2364,300367262,29,300367262-29,,
2365,300367262,30,300367262-30,,
2366,300367262,33,300367262-33,,
2367,300367262,34,300367262-34,,
2368,300367262,35,300367262-35,,
2369,300367262,36,300367262-36,,
2370,300367262,39,300367262-39,,
2371,300367262,40,300367262-40,,
2372,300367262,41,300367262-41,,
2373,300367262,42,300367262-42,,
2374,300367262,43,300367262-43,資格申請締切日時,令和２年６月１日（月）１７時
2375,300367262,44,300367262-44,,
2376,300367262,45,300367262-45,,
2377,300367262,46,300367262-46,,
2378,300367262,47,300367262-47,,
2379,300367262,48,300367262-48,,
2380,300367262,49,300367262-49,,
2381,300367262,50,300367262-50,質問箇所所属/担当者,確認申請書の提出場所、契約条項を示す場所及び問い合わせ先
2382,300367262,51,300367262-51,入札書送付先;資格申請送付先;質問箇所所属/担当者,〒105-0001;〒105-0001;〒105-0001
2383,300367262,52,300367262-52,入札書送付先;資格申請送付先;質問箇所所属/担当者,東京都港区虎ノ門二丁目10番1号虎ノ門ツインビルディング西棟15F;東京都港区虎ノ門二丁目10番1号虎ノ門ツインビルディング西棟15F;東京都港区虎ノ門二丁目10番1号虎ノ門ツインビルディング西棟15F
2384,300367262,53,300367262-53,資格申請送付先部署/担当者名;質問箇所所属/担当者,独立行政法人石油天然ガス・金属鉱物資源機構;独立行政法人石油天然ガス・金属鉱物資源機構
2385,300367262,54,300367262-54,入札書送付先部署/担当者名;資格申請送付先部署/担当者名;質問箇所所属/担当者,金属資源技術部海洋資源調査課門泰之、櫻井宏信、上條裕久;金属資源技術部海洋資源調査課門泰之、櫻井宏信、上條裕久;金属資源技術部海洋資源調査課門泰之、櫻井宏信、上條裕久
2386,300367262,55,300367262-55,,
2387,300367262,56,300367262-56,,
2388,300367262,57,300367262-57,,
2389,300367262,58,300367262-58,,
2390,300367262,59,300367262-59,,
2391,300367262,60,300367262-60,仕様書交付期限,令和２年５月２７日（水）
2392,300367262,61,300367262-61,,
2393,300367262,62,300367262-62,,
2394,300367262,63,300367262-63,,
2395,300367262,64,300367262-64,,
2396,300367262,65,300367262-65,,
2397,300367262,66,300367262-66,,
2398,300367262,68,300367262-68,,
2399,300367262,69,300367262-69,,
2400,300367262,70,300367262-70,,
2401,300367262,71,300367262-71,質問票締切日時,令和２年６月１日（月）１７時まで
2402,300367262,72,300367262-72,,
2403,300367262,73,300367262-73,,
2404,300367262,74,300367262-74,入札書締切日時;開札日時,令和２年６月５日（金）１４時００分～;令和２年６月５日（金）１４時００分～
2405,300367262,75,300367262-75,開札場所,３（１）１５階ＡＢ会議室
2406,300367262,76,300367262-76,,
2407,300367262,77,300367262-77,,
2408,300367262,78,300367262-78,,
2409,300367262,79,300367262-79,,
2410,300367262,80,300367262-80,,
2411,300367262,81,300367262-81,,
2412,300367262,82,300367262-82,,
2413,300367262,83,300367262-83,,
2414,300367262,84,300367262-84,,
2415,300367262,85,300367262-85,,
2416,300367262,86,300367262-86,,
2417,300367262,87,300367262-87,,
2418,300367262,88,300367262-88,,
2419,300367262,89,300367262-89,,
2420,300367262,90,300367262-90,,
2421,300367262,91,300367262-91,,
2422,300367262,92,300367262-92,,
2423,300367262,93,300367262-93,,
2424,300367262,94,300367262-94,,
2425,300367262,95,300367262-95,,
2426,300367262,96,300367262-96,,
2427,300367262,97,300367262-97,,
2428,300367262,98,300367262-98,,
2429,300367262,99,300367262-99,,
2430,300367262,100,300367262-100,,
2431,300367262,101,300367262-101,,
2432,300367262,102,300367262-102,,
2433,300367262,103,300367262-103,,
2434,300367262,104,300367262-104,,
2435,300367262,105,300367262-105,,
2436,300367262,106,300367262-106,,
2437,300367262,107,300367262-107,,
2438,300367262,108,300367262-108,,
2439,300367262,109,300367262-109,,
2440,300367262,110,300367262-110,,
2441,300367262,111,300367262-111,,
2442,300367262,112,300367262-112,,
2443,300367262,113,300367262-113,,
2444,300367262,114,300367262-114,,
2445,300367262,115,300367262-115,,
2446,300367262,116,300367262-116,,
2447,300367262,117,300367262-117,,
2448,300367262,118,300367262-118,,
2449,300367262,119,300367262-119,,
2450,300367262,120,300367262-120,,
2451,300367262,121,300367262-121,,
2452,300367262,122,300367262-122,,
2453,300367262,123,300367262-123,,
2454,300367262,124,300367262-124,,
2455,300367262,125,300367262-125,,
